"user_id","username","user_warnings","user_type"
91594,AquaNL,0,0
110998,bsm1029,0,0
170053,Urswurs,0,0
319895,Merk,0,0
372867,jc476,0,0
416728,pabuyan,0,0
453118,andryzx,0,0
480479,iAreL33t,0,0
585061,Jetfire,0,0
595617,Manivela,0,0
633072,phillipwei,0,0
637851,imasarap,0,0
653686,kkk12955,0,0
669247,Xyou,0,0
673151,Loits,0,0
778873,aveer,0,0
786845,Surefour,0,0
795918,Nightstalker,0,0
807270,Jakiro_old,0,0
810740,bobsos0010,0,0
876371,GuVeLo,0,0
877086,N A C H O,0,0
902679,'-_Mara_-,0,0
921123,Rosdown,0,0
922923,louis0719,0,0
942353,gunnjou,0,0
1033017,Flower,0,0
1055558,baka_in,0,0
1057878,HardRock,0,0
1088849,Paranoia0,0,0
1162480,Peachy,0,0
1164473,xlRicardolx,0,0
1173966,ph112358132134,0,0
1209363,Rasis,0,0
1245795,'--Remilia,0,0
1262204,cristaghon,0,0
1288375,juwy520,0,0
1358759,lilynoid,0,0
1372406,Beetz,0,0
1390712,"32NIBA",0,0
1414928,wolfbalck165,0,0
1505938,naruto018,0,0
1517362,IllidanSTR,0,0
1530293,chloe27,0,0
1576973,"9miho",0,0
1619379,Draekwon,0,0
1627278,Nadekooooo,0,0
1679799,DoRA9,0,0
1721120,Renumi,0,0
1759967,'-QueenChrysalis,0,0
1769762,Maxeck77,0,0
1776901,TheRamMboO0,0,0
1791702,Adorelis,0,0
1800426,lim7424,0,0
1823789,Hagumi-,0,0
1831073,Gartarzin,0,0
1839650,Torchic,0,0
1875430,kisizann,0,0
1963543,MIOM11,0,0
1995241,Yukiezi,0,0
2015065,keshe,0,0
2062860,mattyasama,0,0
2071453,yumeno,0,0
2079099,Famador,0,0
2122303,Mikel,0,0
2125450,lksh2006,0,0
2128311,ftg,0,0
2137849,Kanaberal,0,0
2149776,Haiyish,0,0
2153885,Mystes_Yuji,0,0
2169329,"69maow",0,0
2173847,Aiko97,0,0
2177773,Izuflen,0,0
2179792,Liwosh_old,0,0
2183638,alhaddar,0,0
2186562,Blame Alex,0,0
2218490,Mit3651,0,0
2265794,Plushies,0,0
2282243,Powka,0,0
2316647,Random Choks,0,0
2327916,Ly21,0,0
2361192,Deuceswild,0,0
2370671,TheLiting,0,0
2434768,Unclefaacka,0,0
2460388,sirom,0,0
2467873,mayorzero,0,0
2478327,ryuoryu,0,0
2489161,Briumintae,0,0
2501537,mythenacho,0,0
2503939,OMEGA_MK_XII,0,0
2514150,Xoom,0,0
2576371,ccl0214,0,0
2580102,RaphaxD,0,0
2585138,knzzzh,0,0
2623769,papageia,0,0
2624215,iTzYamero,0,0
2628700,solkitsune,0,0
2644700,Fenrir,0,0
2717180,MarryxDDD,0,0
2751343,Black[Rock],0,0
2764047,hato333,0,0
2767582,Mizakux3,0,0
2784719,Dayveus,0,0
2785244,Leandrowa,0,0
2839723,Gleydar,0,0
2842502,rainholdt,0,0
2857107,Hatomsk,0,0
2866767,ThunderCraftz,0,0
2868895,KyoyaHibari2000,0,0
2884921,Machi,0,0
2901354,allen19960127,0,0
2904562,PokexCharizard,0,0
2970011,wangming_old,0,0
2982756,Avvp_,0,0
2995336,giumat,0,0
3012521,eelkir,0,0
3047762,tommy6780,0,0
3056050,Qikko,0,0
3071061,Conceitedxoxo,0,0
3091173,TopNepuNepu,0,0
3091652,unluckyguy,0,0
3115438,Omnipotante,0,0
3150934,cloudzei,0,0
3155027,Don Relics,0,0
3165849,dae_ze,0,0
3177265,schmitpsl,0,0
3182066,Verock,0,0
3186075,humithi,0,0
3191190,zuosidelengxiao,0,0
3281664,Safaia,0,0
3318406,Legendluk,0,0
3350912,blueprecious,0,0
3373494,HertzFonics,0,0
3387181,biliithow,0,0
3413064,benas321,0,0
3416502,Pjanus,0,0
3512112,callmebatya,0,0
3516521,RacistCommunist,0,0
3524320,Syllable-,0,0
3525203,Flintlocks,0,0
3536809,Onychophora,0,0
3553250,Cubri,0,0
3565696,Deen97,0,0
3573111,Kozzok,0,0
3599012,marco0401,0,0
3613634,Excene,0,0
3637890,Deadoutbreak,0,0
3661274,Imanol-kun,0,0
3685588,tenryuLOVE,0,0
3687091,MrLuxy,0,0
3739330,TapiocaOAO,0,0
3753903,samo1117,0,0
3760206,cd11349,0,0
3772230,'-Anger-,0,0
3785507,SleXxor,0,0
3796056,Vesom,0,0
3823390,Merzi,0,0
3828493,DandyPie,0,0
3831455,Kasche34,0,0
3836319,BKB100,0,0
3838917,KorMoTo,0,0
3852301,Zombiemuffin,0,0
3854542,pifpif11,0,0
3854607,Facades,0,0
3888695,BoySniper,0,0
3909172,Louis68,0,0
3909990,Qshiki,0,0
3910817,Jellyy,0,0
3917325,Katsuyuki,0,0
3932939,MattyPiranha,0,0
3974008,PowerLights,0,0
3979219,Ryux-Chan,0,0
3980758,Sly Kaiser,0,0
3989398,Julia_195,0,0
4003804,alonz0,0,0
4009426,Fenrik,0,0
4014851,Haddy1,0,0
4017196,icray1,0,0
4017590,Eienternity,0,0
4039552,Kiyune,0,0
4047872,BrandonCxs,0,0
4089852,Breadsticku,0,0
4090757,Alfort8,0,0
4133678,Natsume1804,0,0
4178139,Nieyy,0,0
4186648,Fancyguy,0,0
4201554,FrockSaints,0,0
4216182,JEXO_old,0,0
4248092,AK4G,0,0
4252524,flowner1998,0,0
4279883,Rykyou,0,0
4284920,Mohan211,0,0
4298849,HyuniLiu,0,0
4311749,Levelbreaker HD,0,0
4317068,Azndomoxx,0,0
4325908,Osukaa,0,0
4326982,lili machine,0,0
4331575,Ayase_Akayami,0,0
4335340,xiao sa xiao,0,0
4345459,ShukketsuJuu,0,0
4346705,TheBestGuy_old,0,0
4354597,MatiasMW3,0,0
4367742,Skama,0,0
4390445,FuseiSM,0,0
4397453,Kallic,0,0
4407869,Vampirox57,0,0
4445112,Muchietan,0,0
4455632,gecho,0,0
4474966,Helen_Otis,0,0
4481759,Kaleka135,0,0
4482457,Beniyo Akarin,0,0
4490692,pawi998,0,0
4502014,MrFrosti00,0,0
4529811,Maireno,0,0
4530398,howie901216,0,0
4547811,Forever d,0,0
4557977,julia21072002,0,0
4561930,Coolilkethat,0,0
4572963,Esumi Kosaka,0,0
4576342,Eluhaome7,0,0
4579136,Shinei,0,0
4583178,bbycoco,0,0
4614301,TheRealRuby,0,0
4619833,RustyCooley,0,0
4642354,Timuschan,0,0
4657263,Wynner,0,0
4667116,T1tzMcGee,0,0
4689133,McFumin,0,0
4703049,Lanschpaket,0,0
4715124,JollyJello,0,0
4725245,ryusei3856,0,0
4726543,Ryru,0,0
4728252,'-Michael-,0,0
4734562,hina_ks,0,0
4738982,juggergnaut,0,0
4739021,ZiLii,0,0
4752123,Remyuu,0,0
4756802,Bekunator,0,0
4757682,Aubade,0,0
4766350,f7cac9,0,0
4771807,ivo1214,0,0
4773392,lr63000,0,0
4775031,gustavokm,0,0
4789483,superjoeyzx111,0,0
4801988,Nubsalot,0,0
4805052,SixGod water,0,0
4816119,ImBread,0,0
4817188,berenjenja,0,0
4836858,Sou,0,0
4851027,Slowpoke1744,0,0
4852136,Nylangel,0,0
4852137,seikiku14,0,0
4870920,gamer1dude2,0,0
4883064,SubFinn,0,0
4892486,iwin247,0,0
4901971,Merlinch,0,0
4906443,Lawaza,0,0
4946737,RocketDoll_x3,0,0
4951342,yawns56k,0,0
4966088,Allipse,0,0
4969824,Panthor,0,0
4981043,hkibt,0,0
4983022,xXHaMaDGaMeRXx,0,0
5000799,Wishu,0,0
5006299,pachingueroxd,0,0
5011721,Callmegusgus,0,0
5016946,Regrave,0,0
5025798,Homulily,0,0
5059116,uLnaaa,0,0
5064686,ImTheShadowKing,0,0
5071338,Muchpro,0,0
5080021,youbon,0,0
5094333,wirdis38,0,0
5110187,Failik66,0,0
5124603,igorom,0,0
5136532,pudding86106,0,0
5149848,Chilladin,0,0
5152630,Royalism,0,0
5186345,Guziu,0,0
5206051,[Sevval],0,0
5208398,blueisgood5,0,0
5208804,abc9003,0,0
5209415,RedTearStone,0,0
5254394,'-Sparked-,0,0
5276086,kissShot_,0,0
5284545,LuckyBoy44,0,0
5287180,Katakalist1,0,0
5295399,DJFury,0,0
5302493,yimbood,0,0
5310801,Ricchi000,0,0
5328850,tomerk7,0,0
5334695,Purps,0,0
5337856,MintakBG,0,0
5347083,Den Staif,0,0
5356586,MarvelWizardKH,0,0
5360666,HOOTERS,0,0
5382296,shadowelement1,0,0
5385151,den0saur,0,0
5392590,endo11mamoru,0,0
5425046,Vespirit,0,0
5433206,Miss Tilt,0,0
5445069,ft_guray,0,0
5448801,Coolman13342,0,0
5461921,kiku-san,0,0
5464437,Zeus,0,0
5468091,goopkid,0,0
5477343,kurtis-,0,0
5478119,Kanery,0,0
5501695,Raider734,0,0
5511835,Barus,0,0
5520331,chyba ty,0,0
5528617,Cevonus,0,0
5528793,fews,0,0
5569709,"1584751889",0,0
5576101,Bum,0,0
5577897,Irieln,0,0
5602519,melody0912,0,0
5610863,ShoppingCartEng,0,0
5613305,Buddiovitch,0,0
5619273,Mojotax,0,0
5638873,Ni-So,0,0
5639737,IdellioN,0,0
5653151,jakoblikegames,0,0
5661189,Sherchi,0,0
5698545,FunkFreed,0,0
5700047,AlenDavid,0,0
5715741,Horrifying,0,0
5751973,'- Aristedes -,0,0
5790503,Arividerchi,0,0
5792699,Dessin,0,0
5831609,funnyfarmer147,0,0
5891871,Stogax,0,0
5894085,dugass,0,0
5909569,Junkmaniac,0,0
5959469,CeliDesigns,0,0
5998685,FluffyUwO,0,0
6023117,Sawaruneko,0,0
6038992,LariiX11,0,0
6039723,BotLauri,0,0
6048741,fujger,0,0
6052699,QuickGlare,0,0
6054853,KyuSharp,0,0
6078557,KantanDez,0,0
6082730,'-BlaNc-,0,0
6091617,ZedUp,0,0
6098800,Kaiu_old_1,0,0
6113861,HatsuneHikka,0,0
6116759,BearZyo,0,0
6117667,Dark_Wint3r,0,0
6124308,Franciiz12,0,0
6126982,Lenasticots,0,0
6129617,Valdes1912,0,0
6155073,Ascend,0,0
6177263,Kasumi-sama,0,0
6219021,Crush,0,0
6221131,BlastInferno77,0,0
6229630,FatNinja69,0,0
6231503,ekl5224,0,0
6233306,Kubga,0,0
6234478,juninhokk23,0,0
6238599,ferogot,0,0
6248971,LisonChan,0,0
6259076,srikaanth,0,0
6263053,cosmicstar0417,0,0
6277886,Surezan,0,0
6304727,dexwin,0,0
6310472,Siashe,0,0
6325130,Noma5052,0,0
6356683,Pthemand,0,0
6360467,I Saber I,0,0
6363136,Funk1488,0,0
6380442,M e w,0,0
6410563,Retschef,0,0
6413706,sno,0,0
6436297,zaiflame3,0,0
6459867,iTofu23,0,0
6462893,Varto,0,0
6467211,Thisti,0,0
6469095,Grysha,0,0
6477360,bEcute,0,0
6479777,Johny4ever,0,0
6494412,azm1,0,0
6498285,XAVES,0,0
6526658,[Stiba],0,0
6527796,Logan76,0,0
6536035,TheHellSpy,0,0
6537050,Shirigori,0,0
6551530,Sazuna4,0,0
6560913,Oogasutein,0,0
6570512,ghostikkun,0,0
6582869,DeKtSoLuCkY,0,0
6594263,perrygame123,0,0
6602587,RoZFire,0,0
6603988,Mrpirulito,0,0
6623473,naima77,0,0
6626272,Betterzman790,0,0
6634188,TripleThreatz,0,0
6639843,maeilou,0,0
6642557,alexiabcv,0,0
6647554,Dragoblaco,0,0
6653217,'- Hashtag -,0,0
6654325,ETOJENC,0,0
6656547,filin999,0,0
6667527,Gankdalf,0,0
6672705,irayixiao,0,0
6702666,still bummed,0,0
6703863,hanake hikaru,0,0
6707037,mattmcboss,0,0
6713520,crazyslimshady,0,0
6717106,stimix,0,0
6719974,ArcheryIsKey,0,0
6720611,NyanCat14,0,0
6730274,SnoWzi_old_1,0,0
6732646,dany002007,0,0
6740039,Neewaka,0,0
6746201,TheCar,0,0
6747281,RavenTeamLeader,0,0
6761976,Sasuke9045,0,0
6772094,Mask,0,0
6774896,DrBlackie,0,0
6775767,az1333332001,0,0
6792579,tilk1233,0,0
6805117,Pronostico94,0,0
6808732,Avarix,0,0
6808886,Jakuson Pein,0,0
6814200,TGTarget,0,0
6861933,ZonarXi,0,0
6891810,[ DangJoa ],0,0
6908335,keesheng1112,0,0
6909220,MilanoHit,0,0
6912879,KawaiMilliye,0,0
6916649,saucystacy,0,0
6930848,Hachiitari,0,0
6940884,catpocalypse,0,0
6993721,Arron_,0,0
6995685,Margo,0,0
7006865,JGAMEPLAYS12,0,0
7020398,rammplay,0,0
7056700,ElectroSpecter,0,0
7065357,ClashCard64,0,0
7067535,SempaiEbolaChan,0,0
7085611,Serious,0,0
7089638,'-Shirai-,0,0
7090950,Lighted01,0,0
7101449,irakos,0,0
7126977,sheldmaster,0,0
7136317,Kondzix,0,0
7143882,[-MaMoRu-],0,0
7146488,soboron_old,0,0
7153255,HAIEX,0,0
7160515,rockyCS,0,0
7164293,orumuzuto,0,0
7172966,KWqweasd,0,0
7174805,Chazore,0,0
7176154,poillookk,0,0
7188216,Bzuco,0,0
7191207,libaration,0,0
7200182,daniel1969,0,0
7212569,STAN L00NA,0,0
7214597,Litebox,0,0
7226240,tonktsu,0,0
7247393,pandamien26,0,0
7248059,SkylluZ,0,0
7259473,sebastianara,0,0
7265685,efekan424,0,0
7268228,Hinana,0,0
7275500,Raymondy_old,0,0
7282494,DCnovilla,0,0
7303613,keito_san48,0,0
7314233,vectorina,0,0
7314722,Seikoz,0,0
7328613,Juuxel,0,0
7328670,Gabriel sama,0,0
7330571,Zep1D,0,0
7334494,Thomeeek,0,0
7334532,Mardzin,0,0
7342412,MamoruSenpai,0,0
7343856,TSKK2000,0,0
7356355,Dannaaay4,0,0
7388495,lukeseymour15,0,0
7403841,Joopajoojoo,0,0
7405651,Fuzzy00,0,0
7407699,BillyMo,0,0
7412963,Zer0Rin,0,0
7423398,rantehmage,0,0
7434949,RinCasi,0,0
7443936,ExNP_YukiWolf,0,0
7444518,DribanGamer,0,0
7446986,agneon,0,0
7456938,sockers,0,0
7458159,SuperDiman,0,0
7469585,KrAtoS_99,0,0
7473846,Rastahopo,0,0
7475765,lucascordero,0,0
7478861,AokiJiro,0,0
7481500,c23856826,0,0
7485320,Talitamimi,0,0
7515704,life goals,0,0
7517535,LifeAlex,0,0
7518608,marieouo,0,0
7521710,dutchmill_old,0,0
7550061,Eruption4U,0,0
7551273,yunseong1,0,0
7557324,imballball,0,0
7567186,bejarman,0,0
7570132,YsaLisaPlays,0,0
7577333,Alyana,0,0
7577879,Vikingline11,0,0
7578111,Tonydragon17,0,0
7593064,Anessmeister,0,0
7596181,Valsora,0,0
7604166,Massss,0,0
7608818,Cazfro,0,0
7614600,Neku11,0,0
7626781,F8M8,0,0
7631778,sphinx_nine,0,0
7657867,NickTill,0,0
7665427,Cenezi,0,0
7670796,puppy37snowy,0,0
7671711,Miiron,0,0
7674881,_meta_l_,0,0
7677538,efe_temur125,0,0
7694358,WalterWOLF,0,0
7712932,Kawaii Tsukiko,0,0
7715620,IsomirDiAngelo,0,0
7731956,emmagicat,0,0
7732837,McKubson,0,0
7737656,PainkillerSK,0,0
7739903,Rooftopkr,0,0
7741089,leatibdu72,0,0
7762414,CubicalGamer,0,0
7766387,saderen,0,0
7797075,Nevik705,0,0
7797173,notaxiom,0,0
7797215,Axata-,0,0
7803290,poppro21,0,0
7807404,Ssaber,0,0
7807686,Snens,0,0
7810796,Akroma1,0,0
7812268,abear,0,0
7817693,redAutumn_,0,0
7821016,elfF,0,0
7826754,sundean,0,0
7831701,ProSher,0,0
7868050,_ChibiBunny_,0,0
7872274,Damidouu,0,0
7884756,LautaroUwUr,0,0
7899041,Friklow,0,0
7902159,Sebatos,0,0
7921626,lotart,0,0
7931883,MizuLeika,0,0
7941154,fbibosscr,0,0
7943796,NightWolfCP,0,0
7950852,"5m0k3",0,0
7964157,SP6MENS,0,0
7997681,GG_Mate,0,0
8019308,savioacp,0,0
8024233,Sadeh,0,0
8026608,mohkija,0,0
8040805,mofan,0,0
8043120,temmie95,0,0
8047612,MizukiHei,0,0
8058433,Bisa1203,0,0
8059534,minisil,0,0
8069016,hi im kajueh,0,0
8078871,Ireliven,0,0
8080466,Rataj4242,0,0
8098243,tayduasieucuong,0,0
8106288,iallekss,0,0
8122685,"5digitfarmer",0,0
8125429,proalex12312,0,0
8127212,Hextrexer,0,0
8132040,Nampsi,0,0
8137187,Leer,0,0
8167527,HeyLookItsBlu,0,0
8176710,WyvernoVolador,0,0
8186875,Lumanari,0,0
8189636,Giokay,0,0
8217521,VladislavSavvat,0,0
8231500,dakiro1,0,0
8252476,ZeroTB,0,0
8272059,_Saifa_,0,0
8287035,Emerces,0,0
8288729,DaeMoNdb,0,0
8297087,DaxakaDragneel,0,0
8298762,Mini Asriel,0,0
8299352,plinfachuu,0,0
8327988,Pollo1,0,0
8330809,Systemba,0,0
8335277,theblackman,0,0
8337440,Rad-Ya,0,0
8337956,Monika010,0,0
8340262,ilKaito,0,0
8344678,ballmybeloved,0,0
8408422,LolitaLinda,0,0
8449376,norag4m1,0,0
8470606,v i c t o r,0,0
8472976,Suyung_,0,0
8474977,sergiowtf8,0,0
8483502,lalka2252,0,0
8489555,TheZamansz,0,0
8492799,Gabo,0,0
8509949,Cocozefous,0,0
8510836,DragonOsuing,0,0
8526444,FailofZeNight,0,0
8532081,genetics,0,0
8547270,Wind in Cup,0,0
8570223,steven liem,0,0
8575527,Deadpulse,0,0
8582495,Kamazuky,0,0
8583542,glebbox,0,0
8586459,Aksukin,0,0
8602862,Takuto,0,0
8613937,CocoVeutGateau,0,0
8617892,GamingNekojin,0,0
8642118,MsVioletBlossom,0,0
8642528,SkyLegendd,0,0
8649588,LittleBigDre,0,0
8652633,coladashie,0,0
8653054,Nerdinasandwich,0,0
8682912,TC_9898,0,0
8684510,Evi,0,0
8691537,Lurega,0,0
8692951,Eve Lunatique,0,0
8715819,Kokushi Musou,0,0
8724302,Skyora,0,0
8741543,Frost117,0,0
8747990,USee-kun,0,0
8756413,Bruse_Lee,0,0
8761440,Nononf,0,0
8764159,JackobKK,0,0
8798971,Lone,0,0
8799558,Gorilafran,0,0
8801027,kirigiri_san,0,0
8807529,patricky95,0,0
8815196,_Sapil0,0,0
8833270,tkmfarm62,0,0
8835237,Schuasda,0,0
8837735,Murlaykis,0,0
8844537,Orihara Izayaa,0,0
8845509,Lunahri_,0,0
8848259,ruky_33,0,0
8875669,fanielsheep,0,0
8883602,NyeTao,0,0
8896906,Tikkerbomb,0,0
8897075,theflashpig,0,0
8898865,Skojz,0,0
8903466,AngryGamzz,0,0
8903481,OzoneIsLucky,0,0
8908624,rexdood12,0,0
8932214,HowsTheGoin,0,0
8958475,M4XD0P3,0,0
8964803,RetartedNinja,0,0
8972861,fenekxxx,0,0
8981264,Novko,0,0
8990016,FloweyFellFrisk,0,0
9017907,fredmiester,0,0
9021320,JoanManuelSB,0,0
9029412,Flopadin,0,0
9050010,chicodilan,0,0
9061980,Shwellmon,0,0
9063703,Alhimik74,0,0
9073165,dbseodnd356,0,0
9074125,aita,0,0
9077772,FeatherDraws,0,0
9096421,miki11244,0,0
9103671,xSebas,0,0
9107812,SkyNoilaire,0,0
9115488,JanetJ311,0,0
9119991,LiadTr,0,0
9121653,fightbaba,0,0
9122528,shirochanovo,0,0
9122812,AfterMath01,0,0
9125243,DryEK,0,0
9135827,dimachke,0,0
9135870,alvaro023,0,0
9148224,AlbatrozzTV,0,0
9154758,Malbeth,0,0
9159249,HANASUNG,0,0
9165432,badkyoto,0,0
9186409,love_batya,0,0
9198578,felix and rem,0,0
9198862,Grim74,0,0
9207764,Usernameoff,0,0
9222801,_Yuri_santos,0,0
9231843,marbane,0,0
9249465,NewCreatorOn,0,0
9277722,my angel Ririn,0,0
9286964,aewii,0,0
9298781,MeLlamanJosua,0,0
9311735,Iceyf0x,0,0
9313778,exolstarlight10,0,0
9324980,AkaFumei,0,0
9330569,SpenJax,0,0
9332754,'-Exist-,0,0
9339538,xKyuzubizZ,0,0
9342159,BATTLEtheRIFLEx,0,0
9342407,Saku_-,0,0
9343789,santifitriani14,0,0
9347369,fapper__king,0,0
9350678,waterudoing,0,0
9354735,FriendlyPick,0,0
9370668,Paulina_1,0,0
9371127,imaqtale,0,0
9388800,Rockingever,0,0
9400708,Filipo123,0,0
9401770,'-Punky-,0,0
9418954,jammyrice123,0,0
9428956,dragoncat003,0,0
9437581,tomashh,0,0
9444087,Crazysmoke91,0,0
9448875,karoshi-,0,0
9449528,HeisukeToudou,0,0
9462419,knife_lee,0,0
9465326,Inlusive_,0,0
9470751,OshinoDShinobu,0,0
9475547,felipotro,0,0
9477483,kaoneko,0,0
9477982,NoSper,0,0
9480053,magicmuffles,0,0
9485801,zubo,0,0
9507957,Sniffer,0,0
9514122,Papa Rum,0,0
9519092,RuspangTR,0,0
9520601,CapnCrunchII,0,0
9524450,FamousPig,0,0
9526932,rladidgur,0,0
9527592,stgling,0,0
9527613,Train Master,0,0
9533811,Reshiver,0,0
9535902,DarkFrost80,0,0
9535997,Gian79,0,0
9540025,Nightscale,0,0
9542347,loky_gamer,0,0
9546051,CoolMcGamer123,0,0
9562841,Flareon729,0,0
9566522,Marin-chan,0,0
9567988,mesawin,0,0
9569698,iBiology,0,0
9577218,UnevenSymmetry,0,0
9582479,Mysterious496,0,0
9599887,honk,0,0
9628108,Acernex9,0,0
9630526,mahmoodi,0,0
9630633,LadyTitaClau,0,0
9635423,SydeSB,0,0
9642635,Blossoming,0,0
9644640,orokanachiby,0,0
9648232,OhayoSayonara,0,0
9650914,iMiingz,0,0
9651576,Arudana,0,0
9680031,gabriel_10,0,0
9687520,gansoPurine,0,0
9700541,SamuraiDarkness,0,0
9707890,leminhchanh,0,0
9720037,ShtopaniyGvozd,0,0
9723588,Yorozuya76,0,0
9727401,MyoZe,0,0
9729571,unnamed21,0,0
9729600,matijoz,0,0
9730543,AlonelyStar,0,0
9732930,danny321zelda,0,0
9748612,xDeVeRx,0,0
9749814,CucuNutKiD,0,0
9751368,Feedy_544,0,0
9753184,Sovuch,0,0
9757572,Nunavut,0,0
9757655,zRewinDzz,0,0
9782448,Viexv,0,0
9797391,foxypie45,0,0
9802298,tirin,0,0
9822749,xXDJDROXSXx,0,0
9828673,OveralZ,0,0
9833157,PopeDankness,0,0
9835238,damir133731,0,0
9844522,ManuelMarin,0,0
9854475,fox_score,0,0
9856923,Zodsmar,0,0
9859548,LettyLangdon,0,0
9871832,Kohyo,0,0
9889417,Tessloid,0,0
9901391,Saikie,0,0
9915121,Romarix,0,0
9915316,welpisuck,0,0
9933279,MacKen,0,0
9955722,Tessa89,0,0
9955942,furi_x13,0,0
9955980,slem4ik228,0,0
9959611,yukinyo,0,0
9981401,Chande19,0,0
9988613,subwoofersfla,0,0
9989604,Lula-Kebab,0,0
9995058,Trollbiter,0,0
10000055,MrRazmon,0,0
10000058,Suki Poto,0,0
10009324,ReisAx,0,0
10028564,Cynthetic,0,0
10041343,DRAFFYGJ,0,0
10044554,huanggames,0,0
10047359,Hagenbach,0,0
10051761,Gyzer,0,0
10057577,PaleaPablo,0,0
10058262,nhk-,0,0
10068616,Kiresan,0,0
10069077,cljhs90607,0,0
10073836,Emillitia,0,0
10078861,emeric192,0,0
10082063,eliseuwk,0,0
10107042,Dorr4t,0,0
10123331,nimauke,0,0
10130938,Mebuki,0,0
10132752,GhhgAfzan,0,0
10134137,r09ue90d,0,0
10140809,UGot_Lolis,0,0
10141192,RuffYT,0,0
10141671,ecstqsy_old,0,0
10148172,Bluedroid,0,0
10149833,ELCAZADOR59,0,0
10151027,Gyro-,0,0
10154968,kuriyanozomi,0,0
10155041,HoYa_N,0,0
10159453,"3ducatedchick3n",0,0
10159726,NoFaceCastl3,0,0
10165386,Novanxul,0,0
10168650,RealFireDemon,0,0
10183304,aramiyaa,0,0
10188680,steven charcopa,0,0
10191108,SonMusic,0,0
10198343,BabyTreePig,0,0
10198574,Depside_DJ,0,0
10198799,"0c5",0,0
10214637,umr wtf,0,0
10222416,Patroszz,0,0
10224107,takers1234,0,0
10254913,Ayzzze,0,0
10261815,Sana1801,0,0
10262774,Beatbro,0,0
10265880,tomking59,0,0
10268515,airXGoldeN,0,0
10280812,GamosPanos,0,0
10282320,ZwanxZ,0,0
10287204,andytimer,0,0
10291926,IFlax,0,0
10295405,faris_007,0,0
10301381,Stocktocon,0,0
10305661,R3DGUN,0,0
10308068,MissLizziii,0,0
10309518,'-rumi,0,0
10311201,Mulinatti,0,0
10314358,Acid Trap,0,0
10323602,RomkaRP,0,0
10324621,sb233asdf,0,0
10330423,d3v1ld4rk4ang3l,0,0
10331163,RaftDox,0,0
10331499,Captain Anarchy,0,0
10333818,DarkWolfGardian,0,0
10338714,Knifesurge,0,0
10348894,klon5671,0,0
10349530,KenziPatrick,0,0
10362912,SLAER27,0,0
10366058,Alvand,0,0
10371688,Bad cuz bad,0,0
10374747,streeptisgang,0,0
10379421,Berksedat,0,0
10382679,ocaip,0,0
10383545,CA_VinnY,0,0
10395652,yook1e,0,0
10399304,Pier Duck,0,0
10408325,Cookeyzi,0,0
10416148,Evilgoblin157,0,0
10419106,slamlo,0,0
10425889,CrispyPotato420,0,0
10432060,GimmieChocolate,0,0
10466881,cartoon2323,0,0
10499073,galihebat,0,0
10501502,SSriracha,0,0
10508772,Emiliaaaaaa,0,0
10510810,zmdk1042,0,0
10520985,Cyan Pyuru,0,0
10521685,RomaGl,0,0
10533231,FaynLine27,0,0
10539996,BigTrollChicken,0,0
10540501,Mouque,0,0
10547090,Salvor,0,0
10551718,francoow,0,0
10566481,kawrantin,0,0
10567110,RonA77,0,0
10585924,'-Febreeze-,0,0
10593327,RazHBO,0,0
10596086,ilovehobi,0,0
10596256,Katosenpai,0,0
10603963,aserola1125,0,0
10606903,Tienkuro,0,0
10608290,OriniDir,0,0
10609299,Gray Light,0,0
10609474,Yukkiiterru,0,0
10612869,TheTigerGod,0,0
10618080,Bazooka_whale,0,0
10618341,Phobek,0,0
10618930,tatsuvey,0,0
10623315,[Charisk],0,0
10627049,"0bscurikuri",0,0
10640156,Horyute911,0,0
10645631,mar4elkin,0,0
10651086,VT GalaxisingYT,0,0
10653716,Ghinta,0,0
10661156,poponene,0,0
10666591,avaretty,0,0
10673573,megan9613,0,0
10699718,courier,0,0
10719536,Juneey,0,0
10722055,TEYRIX,0,0
10725997,mendfi,0,0
10735379,SHEKERANDO,0,0
10741913,mainden,0,0
10746435,Art Works,0,0
10748320,GLORIOUS DAYS,0,0
10752590,Alex0442,0,0
10752750,tetecony,0,0
10753045,Cr1pt0Z,0,0
10760058,unlove me,0,0
10764261,SkitSca,0,0
10767698,Chocboy,0,0
10769513,JoeysFatAss,0,0
10774035,mvsassa,0,0
10785060,Vezunchik99,0,0
10787882,KurataKz,0,0
10794865,DazWack,0,0
10798488,Roii,0,0
10804593,VICXION,0,0
10823371,long dongsilver,0,0
10829426,Icycleblue,0,0
10833716,KaiShang,0,0
10838767,Trevs343,0,0
10843150,afkreally,0,0
10847395,UUUUUUUUUUUUU,0,0
10860643,didisuck,0,0
10867236,ben drowne,0,0
10881046,Wicilani,0,0
10892015,SuameAnime,0,0
10901359,IAmPurli,0,0
10901568,MeepTan,0,0
10906088,sasoW,0,0
10906177,CrAzy_Xh,0,0
10908575,lowqualitymemes,0,0
10909158,UshTrun,0,0
10910838,altheary,0,0
10912760,Kiwi9EMO,0,0
10916245,MattiaGam,0,0
10925476,Zarvad,0,0
10932435,KonaKona48,0,0
10936921,NNiico,0,0
10943937,Dark4814,0,0
10949637,"4mone",0,0
10953365,shaked4941,0,0
10961460,Matthew Singer,0,0
10962027,JeFzz1,0,0
10969530,CassieChii,0,0
10978270,LAzeLol,0,0
10978882,SovieticSoldier,0,0
10986271,WeZZZZ,0,0
10990150,kaipa1234,0,0
10990932,ezhion,0,0
10996524,AlainKira,0,0
11003616,idkwhatlifeisrn,0,0
11004670,AkayaNoSkill,0,0
11006273,MallyxCSGO,0,0
11011807,Eon-Sama,0,0
11012178,Lpolar,0,0
11016077,BluButterfly,0,0
11017116,Kurodia_old,0,0
11018144,Sphynx04,0,0
11026243,rotanimodeht,0,0
11044621,yukari15,0,0
11049571,Optical_Doggo,0,0
11061996,PegasusBeast,0,0
11079293,Neruchan15,0,0
11088031,Brazefuze,0,0
11105047,s1bz,0,0
11105484,hkalleu,0,0
11116991,G4M3O,0,0
11125450,Rossik666,0,0
11127698,FyroCRS,0,0
11131551,coopso11,0,0
11131633,Kennerges,0,0
11136011,[-Saturn-],0,0
11144972,DanOMGYay,0,0
11148874,d0_0b,0,0
11150126,Koyomi_N_old,0,0
11155461,mokotama,0,0
11156654,Electro50,0,0
11164019,KellyStarline,0,0
11176499,johnyboy831,0,0
11187690,LargoJam,0,0
11189658,Darkessia,0,0
11204051,kizaru huesos,0,0
11214269,Blower69,0,0
11249603,MrlogoutDiman,0,0
11254176,Ch4p4Y4kult,0,0
11259742,skullzia,0,0
11265016,Jtri,0,0
11271426,Loadinguju,0,0
11278612,'-helppo,0,0
11280487,_ItzzMatthew_,0,0
11287860,lolberg213,0,0
11303099,Ayumi350,0,0
11303297,Sander11_V,0,0
11321915,TheLemonade,0,0
11323869,Draconity,0,0
11324608,WeedDinosaur,0,0
11330537,ENDER_GEAM,0,0
11332845,N1crystall,0,0
11339613,Squishy-y,0,0
11343059,sheog,0,0
11344552,zredblood,0,0
11346271,poe,0,0
11367447,Vapezo,0,0
11369417,Uika Misumi,0,0
11370551,DashaKiska,0,0
11371478,Treyn,0,0
11388478,Bastakka,0,0
11389865,BunchOfWheat,0,0
11390355,TheWeebu,0,0
11397909,DonDough,0,0
11401849,antioxidanti,0,0
11406379,Mexiggg,0,0
11406801,meorilou,0,0
11424023,"4Fuyu4",0,0
11424412,BatatinhaGDN,0,0
11427029,Lane1326,0,0
11427319,Sloppyy_old,0,0
11431737,HuSneaky,0,0
11449047,Ben Hustlin,0,0
11450907,asshair,0,0
11455618,C9 Phino,0,0
11466123,lucasz,0,0
11479345,im-a-bot,0,0
11479547,Didjikol,0,0
11481134,JDanielDroiid,0,0
11481143,Marceantasy,0,0
11484163,taksa2001,0,0
11485526,skt barista,0,0
11486385,'- Itsuki -,0,0
11490497,Fralite,0,0
11492137,M4RCELO,0,0
11496696,Deerock,0,0
11501316,DiegosuxdBR,0,0
11505180,akiragogo677,0,0
11505377,ill,0,0
11509454,bxbblegxrl,0,0
11514494,Razumiku,0,0
11515003,LOgiSTik-,0,0
11537794,Dr4kFear,0,0
11538636,nbob,0,0
11539388,Sillerus,0,0
11544162,been03,0,0
11545880,Varvy,0,0
11547769,krokra,0,0
11549572,Alijaaa_old,0,0
11556836,TTKsabu,0,0
11558212,Edn1se,0,0
11561014,l3ostinha,0,0
11566120,BadDestructor,0,0
11567686,ninikvl,0,0
11575241,frokim,0,0
11579742,hm06,0,0
11592239,minpo3000,0,0
11604407,NyaLeX,0,0
11607879,wolfie31,0,0
11609981,dfghdfghdfgh,0,0
11611035,Dynasa,0,0
11611690,Jugeb1,0,0
11618020,Nemira,0,0
11631345,cuons,0,0
11646603,AetherBBX,0,0
11654765,purithb,0,0
11676443,l_kurosawa_l,0,0
11678277,rohan5677,0,0
11681281,"1Minato",0,0
11683367,yufengdhr,0,0
11685537,KonTi - P,0,0
11688228,Long,0,0
11692424,_gd,0,0
11695616,Deco71,0,0
11697033,Protelis,0,0
11700307,suwunosu,0,0
11700354,TREU22,0,0
11700792,Nifato,0,0
11717168,shark0660,0,0
11718212,Jocus,0,0
11720183,gray_ua,0,0
11720554,Peicooo,0,0
11733365,Danyachi,0,0
11735762,Nekoyee,0,0
11747111,ash factor win,0,0
11748176,FeeZe123,0,0
11758873,zelkota,0,0
11764973,Clean XD,0,0
11774299,yDetonator_,0,0
11778310,MicharRi,0,0
11798304,"1Weeaboo",0,0
11803174,PiXLMax,0,0
11810360,danprodan,0,0
11811544,SharkiNado,0,0
11813748,ROGOS_Autumn,0,0
11815771,SANDMANNNN,0,0
11816245,Darki_OSS,0,0
11835685,apdlaudqkr,0,0
11866459,anne on osu,0,0
11867044,GChilley,0,0
11868278,Loka,0,0
11874552,Shaiio,0,0
11882981,_CrystalAngel_,0,0
11883327,Kyle4506,0,0
11891816,edlc,0,0
11899518,saship,0,0
11906029,AWGE97,0,0
11908279,bvoobg,0,0
11908760,Koxarz,0,0
11909313,Dooodl3Z,0,0
11910714,cxtclxw,0,0
11916999,pilars,0,0
11917225,LstRyanX,0,0
11918792,lilsusu,0,0
11922394,XbiteX,0,0
11932507,Wirelessblue,0,0
11936233,CammieChan,0,0
11936849,morthret,0,0
11940811,TheOptikGaming,0,0
11947847,Averyy,0,0
11955528,Encryptor,0,0
11961100,Saero0,0,0
11964876,rigien,0,0
11973266,Schokola75,0,0
11974989,omiyoun,0,0
11976937,RenrobtC,0,0
11982671,wjdl,0,0
11982903,GreenerThanEver,0,0
11990290,gladiator371,0,0
11990460,_Zho_,0,0
12001202,Gid56,0,0
12004558,Dqn1el,0,0
12016159,frederickhean,0,0
12018205,Kluey,0,0
12018768,Moked123,0,0
12021524,Norgode,0,0
12033816,Netheer,0,0
12040215,H_afiy,0,0
12055736,Gordon_Ram4,0,0
12059775,blackjack169,0,0
12066874,SpotablePlayer,0,0
12070362,kre33,0,0
12074162,BigBoooty,0,0
12074395,azura1000,0,0
12078333,SlinKerZ,0,0
12084728,Travlynte,0,0
12087155,focusQ123,0,0
12091399,FrozenAdobo,0,0
12100386,pkzetsu,0,0
12100938,[ Demo ],0,0
12102914,Naigoat,0,0
12104998,Qwertalious,0,0
12107598,JeriRov,0,0
12108964,k4m1k4dz3,0,0
12114152,Andruxaxa,0,0
12115672,Viper112001,0,0
12117189,mad_max325,0,0
12121876,Onijin0,0,0
12122030,Maedasaki,0,0
12126219,K1nGz,0,0
12130712,_HazuMicZ_,0,0
12137412,jonasbalante123,0,0
12140239,Grummelp,0,0
12140434,KeizoOS,0,0
12140458,"6a287e",0,0
12141798,GranGirlGram,0,0
12157002,Volian24,0,0
12180179,Jimmy-San,0,0
12180613,s2848524658,0,0
12181349,Kigoo,0,0
12185582,bendrwnd,0,0
12194755,Deadlyestdonut,0,0
12198459,debis003,0,0
12199549,Ekstrang,0,0
12205154,Chambior,0,0
12215792,fastman,0,0
12224112,TimeWolfJonatas,0,0
12229056,Otkuda,0,0
12231103,Zlosis,0,0
12242185,Tone3,0,0
12252010,Electris_,0,0
12261944,Chenster221,0,0
12267809,SpeedyWeeby,0,0
12276381,dreXXou,0,0
12295609,Muhammad OTWGE,0,0
12308684,Melvinvat,0,0
12314120,nater201,0,0
12332609,Baconspawn,0,0
12337329,dooe,0,0
12348829,PogU,0,0
12349169,Keytto,0,0
12355313,Kostant,0,0
12356584,CARKaU,0,0
12365959,a243229798,0,0
12368618,_98za89_,0,0
12369172,acesuu,0,0
12372095,itspinkyy,0,0
12374040,InvalidChoice,0,0
12380090,FUFSoB,0,0
12388847,puzzle2601,0,0
12389528,Ringo322,0,0
12395269,Haizix,0,0
12398504,lucas091,0,0
12416945,trevas,0,0
12421795,MX2Games,0,0
12423437,sawkoCOU,0,0
12424022,Guavaz,0,0
12433743,origins,0,0
12435881,pawito4,0,0
12440858,xd Lucybear,0,0
12441643,Dastrat,0,0
12450524,Krystl,0,0
12460599,AHoHuMbl4,0,0
12462374,general mclovin,0,0
12463743,Qeii,0,0
12465523,Ninja Fortnite,0,0
12465995,DaLLaS5,0,0
12468264,NR40804,0,0
12472153,HallG12,0,0
12475265,ImDoritos,0,0
12481548,Lu_1z,0,0
12486459,Sefeo,0,0
12488728,UmairC,0,0
12494907,DIRTPL,0,0
12495596,tnoroverdene,0,0
12501264,piemanix,0,0
12507006,Xenro,0,0
12512121,Kledders,0,0
12517316,sorarumado,0,0
12523155,xxxeggroll40,0,0
12536694,HerroItMe,0,0
12550135,DTTSYLY,0,0
12553497,SrKakabulokao,0,0
12554622,'-Tubby-,0,0
12556507,How2jeff,0,0
12559776,amatoriaaa,0,0
12567452,KodicYT,0,0
12569291,Akieto,0,0
12571992,Sk 3tchy,0,0
12575214,"19NameLess19",0,0
12585855,TheReMMus,0,0
12594049,all might_1,0,0
12596318,NvtKhio,0,0
12600499,TheLBGovernment,0,0
12601554,Rin Limerence,0,0
12603172,[offline player,0,0
12611099,BechamelCuite,0,0
12623039,moonlight_peach,0,0
12625877,Akihiko 2 0,0,0
12627303,ortizou,0,0
12632597,_Alone_,0,0
12636955,xiejoe08,0,0
12645817,KotoriFullCombo,0,0
12647571,ouneverknow,0,0
12662966,silenceed,0,0
12663297,sans1o,0,0
12671599,Beasly_old,0,0
12675962,Isamelion,0,0
12676551,SerNiX,0,0
12676616,Mighty_asian,0,0
12693486,LeopardaGames,0,0
12693919,akiPeya,0,0
12697169,lanhiorihcm,0,0
12699076,Das0v613,0,0
12712507,poppyonuse,0,0
12719043,Nasus_Meow,0,0
12720288,xXxgaagxXx,0,0
12721789,irin4,0,0
12733379,pandaleria02,0,0
12734550,Scarypeje,0,0
12736709,sxda,0,0
12739152,Benskification,0,0
12746858,zrdosgames,0,0
12749318,kaauann,0,0
12755757,AnbuBO,0,0
12772056,XmeeowX,0,0
12773319,Z109,0,0
12773697,feelsick,0,0
12790377,DacaiO,0,0
12790790,grandpa_6969,0,0
12798580,LoMaSt,0,0
12798950,Fuyaki,0,0
12802855,stocke,0,0
12811280,vsat_ghost,0,0
12816450,iiCGG,0,0
12817160,Joeharn,0,0
12819182,KorumaKun,0,0
12819905,Ramherd45,0,0
12824370,Ainaya,0,0
12826818,superman36930,0,0
12826853,W1zzardd,0,0
12829816,Zombinio,0,0
12830317,asylum,0,0
12836318,WILDman245,0,0
12843718,Jalter-,0,0
12844888,pierce the veil,0,0
12849668,TechtxniC,0,0
12851141,zhex1,0,0
12852754,WerNexx_old,0,0
12862605,Pro_Noob48,0,0
12863794,Sorrinotsorri,0,0
12865235,xTheGuyOnFire,0,0
12865361,skywar321,0,0
12867173,InferiorNebula7,0,0
12872207,Beast_Keeper,0,0
12875027,EternalLightN,0,0
12876647,Mestand,0,0
12877861,IsseOTurtle,0,0
12904603,contridicto,0,0
12907727,Alketh,0,0
12912875,diamondsmurf123,0,0
12912896,zSnowFairy,0,0
12918309,DestroyerJC,0,0
12920769,parksb041004,0,0
12928769,DarrenDeo,0,0
12929832,Fkh2002,0,0
12936845,yullzx,0,0
12937959,hipo30,0,0
12953621,MrAmEER,0,0
12960568,iiWrath,0,0
12962901,Touhni,0,0
12964124,_Kuroo_,0,0
12969598,IcedOverFox,0,0
12972068,Bangaz,0,0
12976166,exeibtw,0,0
12982950,_Aith,0,0
12983157,Nhand03H,0,0
12990193,Rann_Chhel,0,0
12994444,the_1cm_guy,0,0
12994748,ZEN EUW,0,0
13005076,The99Degrees,0,0
13005267,Hrone_old,0,0
13006771,ihaterythmgames_old,0,0
13008718,Trol191,0,0
13010627,MiltonQwQ,0,0
13012988,hydraa,0,0
13016060,anorakl2,0,0
13017194,henry680,0,0
13024624,nokbeast,0,0
13036218,kolvast,0,0
13041803,Guyisntcool,0,0
13053244,Janozi,0,0
13055148,Kougat,0,0
13071620,rainer-kun,0,0
13076603,copega,0,0
13078015,kruzak,0,0
13078169,crazy_chick647,0,0
13081264,Goosed,0,0
13087035,Sensei Halo,0,0
13089911,M0nty,0,0
13089981,esauvisky,0,0
13090682,S_WarriorXZ1,0,0
13100405,kevin lc,0,0
13103363,MegaD3ath,0,0
13107446,silverNote7,0,0
13111984,Souru_xyz,0,0
13112670,STARNiK,0,0
13129443,Sohiri_old,0,0
13133295,Jacquavius,0,0
13133804,shadowseek,0,0
13136411,Kotambus,0,0
13137288,slavekzadnicky,0,0
13142213,EaZea,0,0
13149903,obee3,0,0
13153391,Peziex,0,0
13162149,Tacuke,0,0
13163866,ereorr,0,0
13170480,Ringtext,0,0
13179523,'- Kyo -,0,0
13190542,Vative,0,0
13192866,Gibby103,0,0
13203512,Cheesefinder,0,0
13207754,dlkaka,0,0
13214692,[-Sweety-],0,0
13226464,KamKanMe,0,0
13229829,Franker7,0,0
13237256,GobNob88,0,0
13237547,itsbooner,0,0
13242503,Yunknown_friend,0,0
13256104,Yeetru,0,0
13258223,wayxway,0,0
13259225,ANDU2003,0,0
13260195,mildember,0,0
13266866,YoppiXD,0,0
13271592,remin1911,0,0
13282224,KisielekxD,0,0
13283031,Phytixx,0,0
13286979,windopop666,0,0
13287258,Bichlasagna,0,0
13290190,Jacktheking3,0,0
13292622,CinderSurprise,0,0
13293986,horizontical,0,0
13294793,frewer,0,0
13308195,DeNgOoH,0,0
13316845,xTharon,0,0
13320973,GustavoMartB,0,0
13335862,Deteh,0,0
13342621,phmkhali,0,0
13346659,"8Yve8",0,0
13350467,MomoDonoo,0,0
13352387,_-_4u5,0,0
13352463,LateNightWalks,0,0
13364768,zooby,0,0
13381361,Sakura Mariko,0,0
13385908,SirKampec,0,0
13392346,Miteze,0,0
13397353,Schwesta EWA,0,0
13405272,jerktw87,0,0
13408657,Klauser,0,0
13413680,CHONGU_old,0,0
13416624,"22IQ",0,0
13420210,Youmu-Konpaku,0,0
13438344,LongSchlong11,0,0
13459146,Pixelman789,0,0
13462795,MyNameIsMopsik,0,0
13470126,Rawrtamy,0,0
13474481,NhojAnec,0,0
13484092,foxistrike,0,0
13510394,Shima Rin Dango,0,0
13511815,ira93125,0,0
13519470,dragnoid,0,0
13524828,LoremIpsumGamma,0,0
13525657,LIL16,0,0
13539233,utekieow,0,0
13546618,Twener1,0,0
13551774,JhonnyMcartney,0,0
13553552,Ma1veRia,0,0
13561096,yRickBr,0,0
13561317,Nickatak,0,0
13575608,herestotheroc,0,0
13576586,lowca11,0,0
13590284,Speeckli,0,0
13596441,MarkSC,0,0
13601573,tomliu5b19,0,0
13602454,wdywom,0,0
13613768,RaZoX_PRO,0,0
13615383,mrFogZ,0,0
13620305,gussan981,0,0
13620313,Valhodin,0,0
13624340,huya SB,0,0
13634309,FCTY Mvx,0,0
13635916,Jacos,0,0
13636090,timbolasco,0,0
13643180,Wedge,0,0
13645638,LilShoot,0,0
13647693,MaximilianKwi,0,0
13650424,jesterpogi2,0,0
13654021,VitorC2204,0,0
13658626,Leminode,0,0
13660422,Sumthing-,0,0
13663140,TastySparki,0,0
13663937,catman553,0,0
13681740,Facchi01,0,0
13688116,AlfieGoldson,0,0
13690719,ilovecoke,0,0
13692514,SSSATURN,0,0
13695596,Alvin2160,0,0
13696353,banana0215,0,0
13703831,Mizekci,0,0
13708584,Erizen,0,0
13717505,LinkSuda,0,0
13723280,yarikewery11,0,0
13727827,TommyTonny,0,0
13730311,NoAnimeArea,0,0
13735315,ItsDope,0,0
13741643,Rupan_Adis,0,0
13741688,_idinahui,0,0
13746063,LilTittie,0,0
13750226,scottfur,0,0
13772582,"6ChaSer",0,0
13772937,Aunfer,0,0
13773198,Yandyowo,0,0
13778951,gytrgyeh,0,0
13786969,SpringHeFor,0,0
13792155,Luke400a,0,0
13798090,NyxPig,0,0
13810988,nuTak,0,0
13811609,Knack3,0,0
13820058,_Morp_,0,0
13820966,Itamii-,0,0
13826992,xXKriszXxHUN,0,0
13830325,Warmerceasar205,0,0
13844464,siikee,0,0
13854489,skro,0,0
13856552,Darkdodo14,0,0
13866613,Matv3y,0,0
13870421,dnrls,0,0
13880592,yakitowo,0,0
13887234,Hydrangea146,0,0
13901002,moreupthandown,0,0
13903521,SantVader,0,0
13906784,Lorasenci,0,0
13915333,Yosikima_Zoom,0,0
13918614,Christoph,0,0
13926912,Fiziki,0,0
13930505,Tweezik,0,0
13942133,Pulgaslocas,0,0
13943847,Phill0533,0,0
13947466,Pachimari X,0,0
13960924,shiva61,0,0
13972757,modza9963,0,0
13974774,Gaspar_,0,0
13977088,Azahi_Karuto,0,0
13981660,rosesssmoon,0,0
13985510,antholord21,0,0
13986478,Yazora,0,0
13987154,TheColorPink,0,0
13988161,"123456kaopun",0,0
13999646,Codanvanced,0,0
14001319,Dirs3,0,0
14008485,PDizzle,0,0
14011273,dolosus,0,0
14022810,Nightmare0410,0,0
14028660,Milchspass,0,0
14031139,GloomySouls,0,0
14032129,M772,0,0
14035867,NeKo-,0,0
14036813,MoFreestyle,0,0
14044013,XiaoBin_OuO,0,0
14045029,TheDivider2,0,0
14045627,kimchiman04,0,0
14064424,Yiunohana,0,0
14071296,GalactiqWaffles,0,0
14072890,brkytr,0,0
14074839,raven2off,0,0
14085803,Kiz,0,0
14088427,hieubua33,0,0
14090820,K4n3k1_XD,0,0
14091409,Kowyxlr,0,0
14109345,Reaver XXV,0,0
14111403,gwee,0,0
14119535,Asin9406,0,0
14121354,"7Seen",0,0
14122484,Maks_Omen,0,0
14124687,Exelclclc,0,0
14131299,yddE_,0,0
14133821,badimka007,0,0
14141025,yivtdsk,0,0
14150567,IFeed4Win,0,0
14157824,Falconmax,0,0
14171572,SpectR-,0,0
14171690,Clamitu,0,0
14172935,jpple1123,0,0
14197286,cubickill,0,0
14212958,Elgrads,0,0
14220975,Yuuka,0,0
14222897,H3lloW0rld,0,0
14223290,ImTheRealGanii,0,0
14225621,wukinyuen,0,0
14228672,Jesusacosta00,0,0
14252465,LucidDreams22,0,0
14252942,wyd Swiprz,0,0
14256553,Mawak,0,0
14264644,'-Xenen-,0,0
14269444,ejsdbsh,0,0
14286550,deviluwu,0,0
14290362,Avia_,0,0
14301019,Keritatus,0,0
14308823,Vektor1220,0,0
14336154,BlackOut Arrow,0,0
14341143,nugaiyen,0,0
14341330,"75sam",0,0
14365745,Marco_Salv,0,0
14366189,FarLenZzz,0,0
14375930,KrypticSnipers,0,0
14384039,aquavitlover,0,0
14384850,PE4ENE4KA2031,0,0
14390189,jamelton2121,0,0
14397457,Piosiasty,0,0
14406026,samppaq,0,0
14407705,Sp_BreezyYT,0,0
14420196,dononich1,0,0
14433770,dedzeus,0,0
14437691,midangerous,0,0
14442904,drajwix,0,0
14445880,TerrificEnd,0,0
14445998,mikaksi,0,0
14447479,devidsamy500,0,0
14452876,fitemeillreku,0,0
14458210,Maukeep,0,0
14466076,Domin_L1VE,0,0
14469321,Gene,0,0
14470876,ericlee1225,0,0
14471933,iBiZ,0,0
14476996,ezen,0,0
14482582,Deadrider21,0,0
14485763,Alkelo,0,0
14486152,ZyCrane,0,0
14488260,Amiato,0,0
14489586,MariU04,0,0
14494779,popochang218,0,0
14494895,tonaltwister,0,0
14497684,_DreadlordLP_,0,0
14500912,Ashm60,0,0
14501491,PVTKANDAHAR,0,0
14511744,jane on osu,0,0
14514870,MeiMei07,0,0
14518035,mikii63,0,0
14519427,David5322,0,0
14520128,PuggyKun,0,0
14531184,Levi-sencho,0,0
14539252,Ryuko-Senpai,0,0
14544031,SentinelGoroth,0,0
14549188,Fega5,0,0
14551239,DeathWhite1524,0,0
14589364,ChillyMan,0,0
14593644,UnstopableRNG,0,0
14596450,matanasas,0,0
14596569,clapp0,0,0
14597025,mintan_tukushi,0,0
14598159,Annagami,0,0
14607256,Power298,0,0
14607724,HiJ-KTrop,0,0
14627795,GonzoBg,0,0
14628794,boris2223,0,0
14630344,zilu310,0,0
14634846,ScottWE,0,0
14639670,LoneWolf0701,0,0
14643565,SaT0R1,0,0
14652609,MuffinMicia,0,0
14653176,kinglouis1018,0,0
14656290,Polokac,0,0
14669785,PerhapsFunk,0,0
14672486,acac15399051,0,0
14675972,OHYtheAwesome,0,0
14723339,[-Lizzy-],0,0
14725247,Kenaka10,0,0
14737552,ItzFlix,0,0
14739293,fredmercur,0,0
14747930,User447,0,0
14751088,"1_ReTr0_1",0,0
14764209,"0_0Zero0_0",0,0
14785126,Aaaasukun,0,0
14795598,OpTicWuBash,0,0
14800296,Angelos017,0,0
14811582,Marino06,0,0
14816730,GoodGameIndo,0,0
14823201,Bmalata,0,0
14825268,greenjeep555,0,0
14828118,ZoroarKills,0,0
14831670,ASaltyCroutons,0,0
14836499,Megumin026,0,0
14848793,DADDED,0,0
14854272,chinaozy,0,0
14858652,Ghostfire205,0,0
14862927,DarkraiPK,0,0
14867623,Rxfael,0,0
14875511,Mightkage,0,0
14877729,amine15,0,0
14889391,Purified Water3,0,0
14896783,MrDante0,0,0
14903330,su__isui,0,0
14923061,mattplays_vg,0,0
14931596,SuperPikachu54,0,0
14935330,Pears,0,0
14937982,Izzel,0,0
14942318,migpng,0,0
14943131,nifty-,0,0
14956036,FBGOD,0,0
14960184,Rolololo,0,0
14973881,Kionesu,0,0
14975952,"4zi25",0,0
14977177,Lezhic,0,0
14978168,spektriz,0,0
14981365,XxAnimeChanxX,0,0
14987660,uwudaddy1,0,0
14988577,baddelphin,0,0
14988628,dsamom,0,0
14993026,BLING BLAU,0,0
14993496,INMP_old,0,0
15016367,Vamp1r31,0,0
15029072,Turtles42,0,0
15049002,ElectroCica,0,0
15051443,ItsSticky,0,0
15054134,Slashi-_-,0,0
15067362,atu1010k,0,0
15070980,Kryumist,0,0
15072834,AnEternalWinter,0,0
15077106,caletaz,0,0
15080254,Danik26384,0,0
15083199,Caillou7919,0,0
15091496,Firel1504,0,0
15093102,candy2025s,0,0
15095112,SquidPyrusJoker,0,0
15102850,Ping Honk,0,0
15113005,SSSylvie,0,0
15118337,MoonZam,0,0
15123385,F3nnriz,0,0
15124718,Hypyc,0,0
15128802,UnLucky777,0,0
15137974,Bojack,0,0
15144222,lenicorn,0,0
15152771,Ethedia,0,0
15159162,Zekaroa,0,0
15161265,krzysiek-kunn,0,0
15162127,Pumpkiii,0,0
15164248,JibsyHD,0,0
15164702,MicheleMMM,0,0
15166982,usernameyung,0,0
15171273,invidia_,0,0
15174125,SarSarTheGreat,0,0
15175615,SkyllexBOYS,0,0
15180957,bim1337_D,0,0
15190311,phoomin,0,0
15191803,CirnoGaming99,0,0
15201012,rouzuki_haku,0,0
15205921,Yeetus owo,0,0
15209352,dessyx,0,0
15210757,Tropix360,0,0
15219168,JEMCat,0,0
15222913,ImDevilDealer,0,0
15230096,weafi,0,0
15237142,ConstipatedBro,0,0
15239207,Shturm0vik,0,0
15241295,Lemongrvb,0,0
15248151,XZeyroxX,0,0
15262474,Asuna love fan,0,0
15270291,r3f1re,0,0
15272155,Iucio,0,0
15279741,akontiainen,0,0
15279861,AmzBlu,0,0
15291594,Mrnotduck,0,0
15302359,Sisk3nkU,0,0
15323885,erepp,0,0
15339860,CrescendoRaph,0,0
15342334,xNaomiix,0,0
15348074,acc player,0,0
15363948,kikik1ll,0,0
15369401,MlCROWAVE,0,0
15372506,xlebuhek,0,0
15377530,villadsff,0,0
15390671,Maletros,0,0
15392914,Nickru0818,0,0
15403477,CalmDownNova,0,0
15411375,Under,0,0
15415219,D412KNeSS,0,0
15415890,AeAeS1215,0,0
15418098,EKSs,0,0
15418960,zetsviday,0,0
15423699,Tais993,0,0
15426333,SpecialoL,0,0
15431240,Mum1i,0,0
15441733,ForDaigo,0,0
15446720,S7evinDE,0,0
15449703,ksyt,0,0
15454794,DerReducerYT,0,0
15455719,Minary,0,0
15458084,ILKA_,0,0
15459456,Lunzki,0,0
15460032,aluna,0,0
15464154,GFTA,0,0
15465107,Chomba,0,0
15467184,YaBoyGron,0,0
15468770,vanya2008sh,0,0
15480304,fatiadores,0,0
15490745,Kineru,0,0
15493310,Deniss_old_1,0,0
15496732,MUFIDXCHITANDA,0,0
15502377,Asemiro,0,0
15512990,Peteef,0,0
15515241,auney2543,0,0
15516016,solairebestboi,0,0
15516038,metonym,0,0
15517039,IninderDuck,0,0
15519818,"1NF1N1TY_old_1",0,0
15520483,racecartzorange,0,0
15523644,gozeof,0,0
15549979,Akithay,0,0
15552204,Phoenisis,0,0
15552865,Fenaril,0,0
15555459,Tulimarco,0,0
15560791,JustAGamer628,0,0
15567855,cazzaisme,0,0
15568270,maplefruits,0,0
15569046,Wheatman,0,0
15571740,tzuhet,0,0
15581140,Ichigo_Fr,0,0
15594041,diety,0,0
15600766,Muddsey,0,0
15602408,Sverchkov2901,0,0
15605839,Domin831,0,0
15605996,_kosi,0,0
15609783,GlennElos,0,0
15616951,Minari Khaos,0,0
15618135,dalTBH,0,0
15618179,amidib,0,0
15626364,JohnnyLe,0,0
15627228,lilypanda,0,0
15631458,Aries_Okami,0,0
15634154,MastrAstr,0,0
15635613,FurryCrocs,0,0
15639279,AlvaroOscategu1_old,0,0
15640925,Jug17,0,0
15648972,KT_CP,0,0
15650790,KENNAL,0,0
15653072,PxspartanGG,0,0
15653793,call1800freedog,0,0
15658229,itsjokerlah,0,0
15660559,IMMC,0,0
15660702,KDiou,0,0
15662146,Lutenent,0,0
15663887,Bielz,0,0
15664870,CyeRye,0,0
15669889,Obashi,0,0
15680352,'-ame,0,0
15680566,My AC,0,0
15683984,Myrrhoku,0,0
15688211,Trexnoir,0,0
15693057,greentearoy,0,0
15693447,DANISSJGOD,0,0
15693903,Cy_PhY,0,0
15694954,apex09171,0,0
15701304,Hails_old_1,0,0
15701898,CuteDefeatrr,0,0
15711915,kdxalex_old,0,0
15713075,Luni_Lunitus,0,0
15713789,Saladdressing69,0,0
15727012,esquilosempelo,0,0
15727248,[ Frying Pan ],0,0
15727493,de4thkill3r,0,0
15732509,Camms,0,0
15733088,CofStars,0,0
15735825,sasuke0945,0,0
15737158,iphixytx,0,0
15737617,dimaspro991,0,0
15740429,M3lem_old,0,0
15750169,NoxusGS,0,0
15756069,kalsik24,0,0
15764376,Noxu,0,0
15765427,PRODBYJXN,0,0
15765562,Driisty_,0,0
15770025,Derrrame,0,0
15774088,Sertixsito,0,0
15781087,HaKevoliTamaru,0,0
15791722,SaamariYT445,0,0
15794677,h3la,0,0
15795063,Ghostly_isa,0,0
15800464,phzin_old_1,0,0
15802970,Akuzl-Senpai,0,0
15814702,Boomie,0,0
15816360,chapssal,0,0
15819983,Evil_Battousai,0,0
15830805,DarkXxXpRoPlAyA,0,0
15835148,nemo,0,0
15838640,LenKa1262,0,0
15838715,SkayLemao,0,0
15840950,callumjones,0,0
15844405,Odintaker,0,0
15849874,TetRic,0,0
15859978,Defective duck,0,0
15868986,marisamint,0,0
15870022,ayzo,0,0
15875184,monogumiak,0,0
15888419,PearFPS,0,0
15892212,FrelKor_,0,0
15892296,Darkelf54,0,0
15896271,dawoodkh,0,0
15922980,GussZxx,0,0
15934138,TastyToast,0,0
15934735,a89era,0,0
15936823,Cacamaninico,0,0
15940611,zzzorgzzz,0,0
15943191,yesandtheyes127,0,0
15948807,starkiller7685,0,0
15950457,FrankMO,0,0
15950542,elcynep,0,0
15959274,DIGITAL_GAMING,0,0
15961196,Alonne_old_1,0,0
15962578,jonskuthug,0,0
15963807,_SerSt_,0,0
15982716,Akresus,0,0
15988161,EpicJason03,0,0
15989100,zMamb,0,0
16000669,Step_into_lava,0,0
16002603,TamogiBoi,0,0
16013261,elmaskapito,0,0
16023921,"1ICE1",0,0
16029759,MikuSemut,0,0
16046060,Evever,0,0
16050308,Sozer470,0,0
16058078,Hetowaii,0,0
16059427,Jodie_old_1,0,0
16059877,MeltedBread,0,0
16067325,Mr_Cuico,0,0
16083736,Abdi548,0,0
16090538,Fuzebest,0,0
16093280,Ex1abug3r,0,0
16093341,rasuphill,0,0
16108014,kai0105,0,0
16115346,DilyJ,0,0
16120469,Katyzuma,0,0
16129018,AD331277,0,0
16143992,hemsvikk,0,0
16144802,imChRiSsUY,0,0
16147618,BraydenB11,0,0
16148237,TyrannousPiano,0,0
16160448,worst player fr,0,0
16160970,kuriipa,0,0
16164374,Matrixboi,0,0
16170496,UckersTing,0,0
16177839,TheEggoCat,0,0
16182181,simrax12,0,0
16182246,Zongowo,0,0
16186638,"69898",0,0
16191834,IHateOrpheus,0,0
16191936,lightningnitro,0,0
16194924,Cl1ckTh0seC1rcl,0,0
16201969,Aymans-,0,0
16203379,Myne Delta,0,0
16204069,Skypee132,0,0
16213837,NeokAura,0,0
16214626,Yute4566,0,0
16216466,ricerock,0,0
16220859,meowmeeeow,0,0
16220969,Mk_Doge,0,0
16225809,BreadBv,0,0
16226078,Kartoffel239,0,0
16229272,Niva-Nivachi,0,0
16229396,Jiminho,0,0
16231110,KillerKS,0,0
16233487,tkeshi,0,0
16237909,ToonShinxypoo,0,0
16249147,lunchhhh,0,0
16252577,Guinea Bridger,0,0
16256047,HAGE_Kimchi,0,0
16266702,Zig00n,0,0
16267428,"4ebyp4t0p",0,0
16269222,FAUSTROZZMXEGGS,0,0
16280038,Sasque_old_1,0,0
16292089,Xyla I Blase,0,0
16292688,MishterKirby,0,0
16295417,Senpaiwi,0,0
16308740,iceDragon,0,0
16312632,hodusnack,0,0
16314022,MithiChang,0,0
16315470,dinausaure09,0,0
16316169,SiroRem,0,0
16321324,Muceaceo,0,0
16326195,FouRPeeL,0,0
16326359,yitian250250,0,0
16329409,BombSlaye,0,0
16330120,Fancy2906,0,0
16332398,KajzuAyarashi,0,0
16333506,jubbang123,0,0
16346946,POTTA,0,0
16351546,Alwan,0,0
16351897,Lincesa,0,0
16352696,DracksyX,0,0
16361658,ddani,0,0
16361806,sameergamer100,0,0
16371102,topspeed,0,0
16381142,PabloLomeu,0,0
16384991,hibiki0615,0,0
16386203,xenon1te,0,0
16386598,cacciateste,0,0
16389031,ITSYABOIJAMESON,0,0
16391671,Kilpkonn,0,0
16402518,oski190,0,0
16415593,nn2702,0,0
16423867,Tahiel2006,0,0
16432091,alchemist_chloe,0,0
16436143,NedIsDed_old,0,0
16437245,po4emy_old,0,0
16439587,Kadooka,0,0
16449385,duker,0,0
16455593,Sakurajimai_,0,0
16462872,shixianyu,0,0
16464074,M47YUS,0,0
16467590,SausageMan,0,0
16476520,SkellySG,0,0
16482114,RaptorJack,0,0
16484388,Kawaii-TRASH,0,0
16484973,charly zockt,0,0
16489706,Shippy,0,0
16492407,KRABIx_,0,0
16493710,RemiAyasaki,0,0
16498819,Kaister,0,0
16505741,Questet,0,0
16512129,tawtaw101,0,0
16512273,renvmagi,0,0
16535051,PyroArtic,0,0
16536863,hecarim,0,0
16541894,CRY_Ady,0,0
16547259,xMedvedx,0,0
16547670,xamelionkyr,0,0
16551491,kyzio225,0,0
16556604,Flamya,0,0
16565576,LOFING1,0,0
16572966,lqiton,0,0
16573564,axckaashi,0,0
16575585,stm1,0,0
16580274,PGMuller,0,0
16590766,IlDragoYT,0,0
16593233,cam the tree,0,0
16595640,"1V1d3llz",0,0
16600708,Budday777,0,0
16602162,Biaflu,0,0
16603238,its_nico,0,0
16605929,XxRubilordxX,0,0
16607425,Dalkek,0,0
16607626,Pooshgonk,0,0
16609941,helenaaaaaaa,0,0
16611203,ReLaYzReViLo,0,0
16625418,chileankeke,0,0
16629311,MoNlInE,0,0
16632346,Panda0805,0,0
16653294,M3dhi,0,0
16653347,VadimRdd,0,0
16667676,potapotayaki55,0,0
16667937,BloodFl4re,0,0
16671739,LucidMK,0,0
16673412,bambam360killer,0,0
16674545,BIGDILFSWEAT,0,0
16675596,RamenSchmoodle2,0,0
16679010,Worship,0,0
16684755,Zetaabsbs,0,0
16687753,BaconDZN,0,0
16689021,"2vn",0,0
16690323,"0xRar",0,0
16695461,Dzimbo_old_1,0,0
16702476,keikchoco,0,0
16704225,shrogplayz,0,0
16716369,fedoz,0,0
16724731,kiarakaycee,0,0
16731884,TheSoulOfSIF,0,0
16755288,ShidoBox,0,0
16755917,ricw1817,0,0
16765763,Joybboy,0,0
16788706,ZaSiRei,0,0
16791688,MikaelRzx,0,0
16792452,MOCO666,0,0
16798463,LIlGAYBOI98,0,0
16800230,Oni-Chan-Toga,0,0
16806176,BigBoye,0,0
16821721,JL OG,0,0
16823977,dad_bich,0,0
16833914,KiromotoSan,0,0
16835185,RogueOz21,0,0
16858311,KnightL,0,0
16861085,Yudomac,0,0
16865012,ElMojik,0,0
16867664,JustTosa,0,0
16867700,mqchipjm,0,0
16867896,gondmx,0,0
16879218,satana2348,0,0
16879305,CaptainOctane,0,0
16881544,"7tyunaaa",0,0
16883563,FredyPr_old,0,0
16886072,Luana Lobo,0,0
16888014,KromeII,0,0
16891610,Ric571,0,0
16891735,SkyBlack69,0,0
16894983,keiken,0,0
16902207,Gao_Bang_D,0,0
16903425,JasonTheTroll,0,0
16905640,denene246,0,0
16907445,choco_27_old,0,0
16909810,Sprintay,0,0
16912346,cryingcanvas,0,0
16912753,MrGoggles_old,0,0
16913775,kayotrash,0,0
16914405,Ring of fortune,0,0
16927441,KineticHyperion,0,0
16928089,AnTidi21,0,0
16929995,setaOMG,0,0
16931666,AsbelFlama,0,0
16946262,Useless Kobita,0,0
16949215,Czero,0,0
16953267,Fusthebaba,0,0
16954495,GWUNBLAIDE,0,0
16959103,WarmishSkunk,0,0
16959513,ybr,0,0
16959925,"3edd",0,0
16963348,'-Naz-,0,0
16964275,fafnir6969,0,0
16974643,astrodarck,0,0
16976072,GDBlack,0,0
16983128,MarineIsaGOAT,0,0
16991622,shirleyrosa,0,0
16994143,Ssuperfish,0,0
16994518,SirMonster,0,0
16998153,mamergigez,0,0
16999778,TerminateShines,0,0
17000054,Dominuz,0,0
17013483,Karma24K,0,0
17015171,DevZ_old_1,0,0
17022293,ZuterCHU,0,0
17032956,ruxy101,0,0
17039780,RapbotGR,0,0
17040455,DrKidori,0,0
17043199,AkihiroLeaf,0,0
17048629,Nekotaku,0,0
17053305,Kairu420,0,0
17056469,DrDeletus,0,0
17060134,vodkv,0,0
17062209,chas1216ren,0,0
17064429,past-blank,0,0
17069023,Ultratrainer,0,0
17070800,seonghwa,0,0
17075510,flaresx,0,0
17078719,Takura_Y,0,0
17084024,kiritorin820,0,0
17090313,NS0609,0,0
17092045,mofypok,0,0
17106280,CHAMPION_01,0,0
17113381,Ball722,0,0
17118048,FrikiGamers,0,0
17123085,kingautist,0,0
17124152,Kayzerill,0,0
17127969,INTERNALINKAD,0,0
17128486,Mamaz_,0,0
17136599,CSmaybenotpass,0,0
17136995,ByRelaxooo,0,0
17137775,SpoodyUwU,0,0
17141595,nazar_tq,0,0
17143722,PoweringCobras,0,0
17144599,pr_prae12,0,0
17149025,TontonZidane,0,0
17153453,manyxr,0,0
17153710,Saltcorn,0,0
17154583,SinonAs,0,0
17158129,nattakorn_old_1,0,0
17162402,COD_flankz,0,0
17175523,bigpplyle,0,0
17182727,N_wMan,0,0
17185647,Prince_MRG,0,0
17190629,ISINDUGAYAN,0,0
17191929,jurs,0,0
17192064,chanhaolol,0,0
17192513,TheSeanimator,0,0
17193424,Zut,0,0
17194474,alexandraaaaaah,0,0
17202870,Kazenaires,0,0
17208374,PowerCellar2924_old,0,0
17227076,Lord_Reece,0,0
17229678,ACE_SFS,0,0
17232512,JuanK56,0,0
17233235,kaaskaas49,0,0
17238483,Mitsubachiii,0,0
17248794,litsukun,0,0
17253190,Lil_j2944,0,0
17257896,piggyyyyy,0,0
17258852,zacnumberone,0,0
17270561,Flane_,0,0
17270868,"3m0p4nk",0,0
17284333,snowsss,0,0
17290748,Meteo 123,0,0
17293222,Ivan45016,0,0
17297197,sSecret,0,0
17301775,NBAH,0,0
17302184,LUCKILOL,0,0
17311022,MudMaster2663,0,0
17322872,giaa_old_1,0,0
17323214,PengwinLover,0,0
17327180,Jaocorrendo,0,0
17327400,"1421353443",0,0
17331991,_Nitor_,0,0
17335559,Yahooey,0,0
17342754,MeRu-,0,0
17347385,Javiii45,0,0
17357624,tokki2,0,0
17362746,Danishav,0,0
17365821,DrFideo,0,0
17379040,notclapxz,0,0
17391106,mateoproni,0,0
17391116,StancherShark,0,0
17395554,Avey_old_1,0,0
17400499,NikolRosess,0,0
17404347,Vino__,0,0
17412980,Tensifx2,0,0
17413625,evgeniybazarova,0,0
17413952,Filyashka_11122,0,0
17419949,VerOzen,0,0
17421133,friskrr,0,0
17422106,SEIRYUORe,0,0
17425294,NyXoRochi,0,0
17427469,InspiredYT,0,0
17428547,ChronoCritical,0,0
17441009,AE KaizeWay,0,0
17445162,dayzee,0,0
17465019,Kyragex,0,0
17480339,SkyG07,0,0
17486943,JaimeGL,0,0
17489215,WatermelonA1,0,0
17489394,ethanoskatt,0,0
17490630,katerushimigoya,0,0
17497976,flobell,0,0
17503117,Ari OwO,0,0
17503318,BPanchev,0,0
17503654,oneok15guy,0,0
17508328,konini,0,0
17514383,Taco_Joe,0,0
17517514,jumpjoe,0,0
17521641,el_forchas,0,0
17523499,'-KumaBear-,0,0
17528568,Takeshiii,0,0
17529410,Ginive,0,0
17535774,laomadai,0,0
17535995,princesslola,0,0
17549861,seannyboi123,0,0
17551120,All4Tech_,0,0
17552582,pupsi,0,0
17553664,dominykas7,0,0
17556392,kirigae1,0,0
17556443,chinpiece,0,0
17561440,MrRowx,0,0
17561568,Telmun,0,0
17561571,WVitoo,0,0
17564609,NoobAmbu,0,0
17565846,vnessari,0,0
17568665,SansFan123PL,0,0
17584610,IPlayz_,0,0
17597090,Purponite,0,0
17610840,yue8597114,0,0
17612348,cheepot,0,0
17614572,Arvillss,0,0
17619253,MysteriousRITS,0,0
17619304,NightmareGatoo,0,0
17625857,delbil,0,0
17635026,BALAA2498,0,0
17636323,farsighted,0,0
17636525,Bobiicek,0,0
17637975,Takizawaa,0,0
17639713,Giumaxo,0,0
17643632,DIabloloo,0,0
17654382,iiEclxpze,0,0
17659833,Blobkins,0,0
17661515,xamzazain,0,0
17669017,Lazarium1703,0,0
17671689,a bad player 69,0,0
17673771,Alissonbr10,0,0
17673789,SixZY,0,0
17679670,Tayk0_old_1,0,0
17686884,LacedUp,0,0
17686934,boboxuan,0,0
17692385,Lisiasty_UwU,0,0
17692890,qwepoq,0,0
17693043,Spas_OnBlood,0,0
17697717,Fleyron,0,0
17704460,Rotholis,0,0
17708125,Bru__,0,0
17708877,God of waluigi,0,0
17712545,RakDill,0,0
17720805,hayley,0,0
17723192,ivolga112,0,0
17724807,raphiexmachina,0,0
17728202,nivida,0,0
17730730,zjubby,0,0
17733410,uosmep,0,0
17733520,gokutair,0,0
17736536,Nayraaaaa,0,0
17740396,Paablooxxx,0,0
17742884,Punchies,0,0
17744479,Memories_,0,0
17750221,manish5914,0,0
17764399,exelend_old,0,0
17765218,tomybays,0,0
17768926,mitama,0,0
17768947,Aceln,0,0
17777316,Mick_mill1,0,0
17786859,Shao5,0,0
17787614,allan1gus,0,0
17787868,CrashTheTime,0,0
17789127,Tutun_old_1,0,0
17793252,jeremytpyt,0,0
17796153,THEBROT,0,0
17796584,hylthek,0,0
17799329,Energy1234,0,0
17808879,GyilkosHarcos,0,0
17812983,xe3rld,0,0
17819169,ZotacAviation,0,0
17819939,teyko6,0,0
17824462,Navi22,0,0
17824947,anjo13,0,0
17829189,Naori Ychiha,0,0
17831149,gooble,0,0
17832314,EmrecanRG,0,0
17834246,dylan btw,0,0
17837900,INFRIS,0,0
17838611,Labradorite,0,0
17844291,ImLu1z,0,0
17848444,KuXE,0,0
17849039,The_Jung,0,0
17854818,ilyagei228,0,0
17855843,TouKoLanTo,0,0
17862275,rare8426J,0,0
17870153,lauu_,0,0
17882093,Fissk,0,0
17882288,DarkPhoenix-,0,0
17886511,daaaanny,0,0
17893846,GRANDPAGLOCK,0,0
17894203,Neanderthal BRO,0,0
17896436,falco127,0,0
17897440,Mamar__,0,0
17898130,Gunther6,0,0
17913060,Madjib_old,0,0
17913328,Pesce on 4G,0,0
17913500,Kurepi-ku,0,0
17915928,melissa120068,0,0
17918806,Spriz,0,0
17929018,Vb9798,0,0
17934422,Dothraki,0,0
17938473,Cassvi,0,0
17939264,foxmiror,0,0
17942808,Lordmarkiz,0,0
17952380,NyaNyacraftGHG,0,0
17959698,Guerreiro,0,0
17960231,Resix,0,0
17968773,godonstilts,0,0
17969516,XYL32,0,0
17974350,MARMOLING,0,0
17975882,LanLiz,0,0
17989897,pepepopomaster,0,0
17990770,CarterBro,0,0
17996786,fox102_old,0,0
18003548,SenpaiUwv,0,0
18008112,Kyappu,0,0
18011479,SansiTheLazy,0,0
18011491,Gifift,0,0
18012228,joshua_H23,0,0
18018031,YikaNii2006,0,0
18024604,RionArin,0,0
18025110,KyuuRiiu,0,0
18040568,helle0001,0,0
18043586,tep0,0,0
18056367,pitdraw,0,0
18058066,Eurua,0,0
18064810,ZetixVEVO,0,0
18070636,FS JUNOPU,0,0
18073957,Armia Banany,0,0
18087350,XHeavenX,0,0
18088023,kirito7w7lol,0,0
18095081,keymanTW,0,0
18095983,ApexRising,0,0
18102185,Fudge_amv,0,0
18103219,Naoky22,0,0
18107004,iiDeaaGamer,0,0
18114398,FAKA_TUKA,0,0
18123121,ZHXN,0,0
18125134,GG1HP,0,0
18126818,firstknight22,0,0
18132588,Praaq,0,0
18141789,catmeow,0,0
18145980,goldenseass,0,0
18146931,PolarisHD,0,0
18151864,siRoxq,0,0
18153462,louk_pvp,0,0
18155680,ButterLord,0,0
18157940,simon96325,0,0
18159125,uzke,0,0
18159946,SRavel,0,0
18166177,Tr1ssu,0,0
18171934,priatna,0,0
18177609,D3von_old_1,0,0
18185680,LeChinois,0,0
18188786,SpecDaBoss,0,0
18190549,Ryuga4,0,0
18192485,TPGxGhost,0,0
18199697,Kerpy2,0,0
18200622,yoi075,0,0
18202956,mihawk-san,0,0
18207216,AliceKim_old_1,0,0
18207531,Icebrine,0,0
18216150,juuko,0,0
18225978,lidoriya,0,0
18226321,gaggelgu,0,0
18228346,PandaMARU--666,0,0
18228929,Sumireko_Usami,0,0
18231649,Sahta_pro100,0,0
18238179,Wer3454,0,0
18242766,Steelegod,0,0
18243533,jk475000,0,0
18244643,goldenfinger155,0,0
18245158,NollieOSU,0,0
18249670,luisvas7u7,0,0
18252423,DrLegen,0,0
18258176,I_Like_You_,0,0
18262272,laki_li4,0,0
18262410,El matheus Pato,0,0
18262623,X_na1_X,0,0
18267322,X Fade,0,0
18275921,ABACER534,0,0
18278326,Cesar03,0,0
18280503,titisthekid,0,0
18284410,Renkay,0,0
18300116,LukeJaden,0,0
18301724,Boom_Squad,0,0
18303565,mrkizma,0,0
18309064,pulsarrrr,0,0
18315802,vampiresuccubus,0,0
18316358,GilWicho,0,0
18332224,Inanecrazykid,0,0
18333044,alpikelago,0,0
18333169,TacoSlayerNG,0,0
18334820,azeelf,0,0
18336734,bad hdhr player,0,0
18337817,Slacxz,0,0
18339464,robertderkek,0,0
18342397,Bread6086,0,0
18344169,mayiod,0,0
18344867,srcaioobs,0,0
18347563,SrLoky,0,0
18350853,YouRdreaMz,0,0
18351716,Rogre,0,0
18352735,VASJ,0,0
18357448,ozu na,0,0
18360079,Dreath Lord,0,0
18373552,leno_s,0,0
18373880,RaGUe,0,0
18375205,PentaHendrix,0,0
18380046,jh0nv1ctor7,0,0
18382844,ilyas27,0,0
18383856,phuum,0,0
18385493,Batata110108,0,0
18388450,Mrnoot,0,0
18394641,foehli,0,0
18395406,Ice-Phoenix,0,0
18402205,DinPlayzRBLX,0,0
18408050,MicRoLit,0,0
18415667,Jomoring,0,0
18416790,Rayrr,0,0
18427700,Rishl,0,0
18432217,PLR_STORM,0,0
18432224,Whitefox112,0,0
18433049,Sebitos123,0,0
18434722,SlayerDemon,0,0
18436922,Robodex,0,0
18451038,marine1,0,0
18453392,BZNGS,0,0
18453838,VIEXXY,0,0
18454489,byboyduong20053,0,0
18457261,Kashiron_old_1,0,0
18468481,Cyrs_,0,0
18468746,robotbe,0,0
18470046,amadTH,0,0
18471056,kiaruu,0,0
18472077,Inamash,0,0
18474508,Grysik2000,0,0
18476220,Zeweet,0,0
18478652,AnthonySGS,0,0
18481711,MJLS,0,0
18489105,unusuaL-,0,0
18495583,gummy wummy,0,0
18510992,HKgamerVN,0,0
18513008,_YELLoWLIGHT,0,0
18513293,Spicketup,0,0
18516778,TOPjoao,0,0
18517887,bruuuuuuuuh2137,0,0
18521676,TheGrimm,0,0
18522156,themanhave3cm,0,0
18526103,T14G0ROLO,0,0
18550376,Kaneki Puir,0,0
18562416,kwukwa,0,0
18574562,ms patrix500,0,0
18581493,RikudouSennin23,0,0
18594615,'- Emily -,0,0
18599217,Joziah,0,0
18610001,Miniguy,0,0
18612041,WertyKenmo,0,0
18612305,tiffanyy,0,0
18616303,ChArIsMa121,0,0
18622545,AnxGraphicss,0,0
18626209,Beisikul,0,0
18626999,Bespolezno,0,0
18628148,hobti,0,0
18629917,nataniel123,0,0
18633798,Iruzo Jabami,0,0
18642019,Yurius,0,0
18643612,MikazukiAugus,0,0
18644001,ralphde,0,0
18644330,xXBlitzGamerXx,0,0
18647058,Minimumscarab,0,0
18648319,Call-Me-Karma,0,0
18652211,ShuOreki,0,0
18654924,UwU melon,0,0
18665154,JalapenoKolache,0,0
18668236,Arka-1,0,0
18669055,oqwertyowo,0,0
18676618,BriLo0916,0,0
18679583,piero86,0,0
18695190,uto3148,0,0
18697234,Corvito,0,0
18701821,bandzzai,0,0
18709824,touta,0,0
18711142,Sherathia,0,0
18711950,RBLOKO,0,0
18713233,rrafel,0,0
18717163,M11KU,0,0
18719193,UserKirito,0,0
18721058,lacan,0,0
18726643,man go,0,0
18727422,ArthurHellsing,0,0
18733686,quidddy,0,0
18733775,DerNixel,0,0
18734462,megrod,0,0
18738002,officiallygia,0,0
18739351,saul__old,0,0
18746854,father3,0,0
18747365,Foxalite,0,0
18753229,Kaow44,0,0
18755073,Destroy20,0,0
18755200,Starryne,0,0
18757908,NotEdot,0,0
18764453,PentakillOwO,0,0
18769541,Pezjamin,0,0
18771770,BananiKrieger,0,0
18772485,EvenFlow,0,0
18773171,bureenitos,0,0
18776996,xthemasterx,0,0
18785031,back2u_old,0,0
18789817,Dounsel,0,0
18790451,alkey45,0,0
18797405,apanini,0,0
18799443,Jin-mori-kun,0,0
18802561,Zoomeree,0,0
18816727,__Rosselot,0,0
18825887,SoraAozoraaa,0,0
18829651,DeniYT,0,0
18829899,hHATEe,0,0
18830086,JadhielMR,0,0
18851284,Caw0d,0,0
18852948,wasdwasdwasdfff,0,0
18853505,"1320737886",0,0
18855600,"0xXZeroTwoXx0",0,0
18856091,PabloDiamond,0,0
18856525,MarlinTheFish,0,0
18858139,aug110,0,0
18867760,WebHub,0,0
18870297,GELADEIRATSUNAM_old,0,0
18871853,stanlxona,0,0
18874763,andremedina31,0,0
18877076,uyfv,0,0
18879824,ZorangeBoi,0,0
18883101,onxlydoll,0,0
18894797,MeepCanClick,0,0
18896631,Superviviente Z,0,0
18903610,kate_888,0,0
18905971,SirBosy,0,0
18908927,JokuroJoestar,0,0
18913925,Storm4902,0,0
18916503,Markipiy,0,0
18916642,Eugeniy254,0,0
18926301,Haidang6782,0,0
18926885,KimiiUwU_old,0,0
18928183,orry_old_1,0,0
18936247,ori_d,0,0
18936607,SiuMing_GODdqmn,0,0
18937091,CluTchGuNNeR6,0,0
18938094,QmQOvOb,0,0
18941220,Ykz_Jilliane_LR,0,0
18942096,Mipantorrilla,0,0
18944478,snnyder,0,0
18949098,Zuarimoto,0,0
18952186,marvin-,0,0
18955287,DarkFear45,0,0
18955902,kingjheem,0,0
18960679,ireku10763,0,0
18960826,travkin,0,0
18964207,Wendete56XD,0,0
18964214,kelvin5812,0,0
18976739,NoahWheeler,0,0
18982506,Bonitox360,0,0
18982581,Nixcsz,0,0
18984044,DanixG_old,0,0
18984529,j_p4n,0,0
18986880,ento567,0,0
18988455,xxJanek15o,0,0
18990503,svd1080,0,0
18992869,chekkiz,0,0
18993747,cardinall,0,0
18998338,DoppWalker,0,0
18998591,JayDaniels,0,0
19002594,MIsterDog,0,0
19008661,harder11,0,0
19019080,[Zeref],0,0
19019141,Werozny,0,0
19022920,Gaopa_old,0,0
19023662,juno2324235,0,0
19025174,VLADOS06,0,0
19041212,Samuelelpro60,0,0
19043052,ArtprozewBR,0,0
19047553,MelyRushia,0,0
19048529,Fufu_Strik3,0,0
19048697,KaliLinx,0,0
19053834,rugrat diego,0,0
19054080,Waguri-chan,0,0
19054214,Caleb277941,0,0
19056685,Pixel Killer,0,0
19072699,danny4148,0,0
19079861,momijinatume,0,0
19081212,mankus,0,0
19090313,ThanhGamerMC,0,0
19090342,OofPhillip,0,0
19091756,faxha,0,0
19095066,Papa Amos,0,0
19101866,Leoxyf16,0,0
19106484,benja016,0,0
19108044,LUHTIK,0,0
19116336,qwerty1627,0,0
19116665,sharen,0,0
19120981,marco2134,0,0
19130439,jeany,0,0
19130570,Dakedoooooooo,0,0
19130758,EduLioncourt,0,0
19136436,Wengexon,0,0
19136878,reinhard123_old_1,0,0
19139750,Thiosinamine,0,0
19140324,Aunchi1,0,0
19151106,"4ever3Brony",0,0
19151880,Dovi,0,0
19161007,RAGINGBULL404,0,0
19161732,lesbaguette,0,0
19163667,Katsuki_Bakugo_,0,0
19168446,Falowark,0,0
19174346,Mddzlh,0,0
19178214,zingko,0,0
19198900,vshiro-_-,0,0
19201831,sandwich bag,0,0
19206990,mkensu,0,0
19210097,ClankstarFam,0,0
19212969,Afforces,0,0
19214366,Cylamix,0,0
19223679,Gooby-_-,0,0
19224796,Pitch_van,0,0
19244274,Kirito090909,0,0
19251210,YoShiKorea,0,0
19255343,Gadza1337,0,0
19258727,kjustinyttt,0,0
19269005,samlaw0406,0,0
19271675,shinig4mi_v5,0,0
19271863,AmaiKitsune,0,0
19272149,donotlook,0,0
19273924,ilovejarred,0,0
19275408,dijle,0,0
19280081,Void1526,0,0
19282769,hellobruh,0,0
19284001,Friske0109,0,0
19291707,CofTeaM,0,0
19291994,Melkaa188,0,0
19292642,susmic,0,0
19302826,PAPIASHTON,0,0
19305075,kimlow69,0,0
19306222,Larbatrox,0,0
19316312,nongkang_old,0,0
19323149,_witthy_smoke_,0,0
19335506,FlameLovely,0,0
19336180,ossosek,0,0
19339019,pastecarbonara,0,0
19342106,kodokushi1,0,0
19344915,timetris,0,0
19349695,Faril,0,0
19356080,KawaiiDuku,0,0
19356422,Mikasaaaaaaa_old_1,0,0
19360392,loxa,0,0
19366355,daisukekiya,0,0
19369030,FlowingSquid255,0,0
19370446,Lockerluka,0,0
19375412,lRestia,0,0
19383315,Fen0men1_old_1,0,0
19386751,CrazyMCPetra,0,0
19393734,OmoplataNinho,0,0
19396900,Meaningless1_old,0,0
19399796,SanockyyPatoos,0,0
19401575,kolaloi2,0,0
19403741,WilsonDaCrab,0,0
19404289,rolsanhd87,0,0
19410001,Starwurk,0,0
19410620,Mak said who,0,0
19412246,dwiller,0,0
19417716,XanimememesXD,0,0
19425835,Pokeball234,0,0
19430172,tuba766,0,0
19436933,boxcatter,0,0
19444073,djalvaroblancas,0,0
19446832,KITSUNENUUB,0,0
19448668,shadow300,0,0
19452024,Sapnap Pandas,0,0
19452990,DippShyt,0,0
19461664,Zipy,0,0
19466890,Million_ML,0,0
19477249,Kevinthebean,0,0
19483451,g0d4mi4u,0,0
19485936,ThePika,0,0
19489434,RekSad,0,0
19494815,arthuht,0,0
19497393,bapairaw,0,0
19508688,Tuesday1256,0,0
19509735,Zhomie,0,0
19513478,Exec30,0,0
19514364,ReNuVU,0,0
19517979,Pammello4444777,0,0
19526527,'- [Overhaul] -,0,0
19529319,Prisonwall,0,0
19531988,LaponRtR,0,0
19539589,haruka44,0,0
19540318,Zumoru,0,0
19543665,Nelzyr,0,0
19564600,camfy,0,0
19574298,weked,0,0
19577669,tacianogt,0,0
19594751,MightRageQuit,0,0
19595516,phoed,0,0
19599581,youyou11,0,0
19609915,Shosaidhi,0,0
19611890,Kames,0,0
19615212,YordaniALV,0,0
19617230,TopNaruto C,0,0
19621308,ArthurzSola,0,0
19624213,LightSketch,0,0
19627506,SettMigate,0,0
19630745,MrERigby,0,0
19636178,Cru5hh,0,0
19645665,v8field,0,0
19655623,Dab_99,0,0
19656442,tttr,0,0
19656740,Animextra67,0,0
19661484,Qmikoo,0,0
19666549,Ultimum,0,0
19668419,Dubdragondrake,0,0
19673514,Float32_600,0,0
19678571,Szajfeder,0,0
19684551,dakokokos,0,0
19689937,abdstraect,0,0
19699989,ddyo,0,0
19701090,bateauthe,0,0
19703560,tixctes,0,0
19703707,Mizakoo,0,0
19711073,Wolfi01,0,0
19713942,elMASgordoxD,0,0
19718397,MariekeCath,0,0
19721745,Pidacor,0,0
19726760,Imperialex,0,0
19731225,_Hotaru_,0,0
19731740,noeyes,0,0
19735457,rlaxodyd0212,0,0
19735647,svfernano2,0,0
19743782,NopeyGuy,0,0
19751360,R_Ziki,0,0
19755347,Zero Chris,0,0
19755779,Afif Sucianto,0,0
19760033,hahaok,0,0
19767800,L1ghtning_Speed,0,0
19776585,NotUnGato,0,0
19784935,Outermostbog05,0,0
19785720,mgheew,0,0
19788868,MrBalashiha,0,0
19801831,Whippy89,0,0
19802099,Moon boi,0,0
19803547,Hector35q,0,0
19805114,chillseeds,0,0
19807016,NOTORIUS_,0,0
19815045,GabenKoyun,0,0
19815879,jorgeCHV,0,0
19817582,bruhk25,0,0
19824210,NoName0903,0,0
19827227,Blackcat76iT,0,0
19830998,NeroSpring,0,0
19833911,PapaWTF,0,0
19834161,NoobEvan,0,0
19837662,GevinInOSU,0,0
19837951,potatotaco,0,0
19842185,valegamer,0,0
19843524,cablom,0,0
19861688,Firipppu,0,0
19863569,binks123,0,0
19864481,Cupcakebubby,0,0
19873080,Kakaiscuul,0,0
19875381,_Maksimka_,0,0
19878138,GuiTheEstonian,0,0
19882965,adamsmined,0,0
19889098,Seven7VII,0,0
19891037,Deracs,0,0
19894347,tommyersuperkul,0,0
19895464,VLD Nakz,0,0
19896741,KINGCHAOZ,0,0
19909562,CetWithNoBeans,0,0
19914035,PonPon_YT45,0,0
19915531,ovice,0,0
19919491,wbs555,0,0
19919740,thatonemouseuse,0,0
19925369,guysim07,0,0
19926319,Bushi Mac,0,0
19933108,Suyype,0,0
19943889,HsayT,0,0
19950173,FazeBlazefan,0,0
19953414,Ekkoustic,0,0
19963090,facture,0,0
19971700,LilNOTG,0,0
19972773,Th3_L0rax,0,0
19973346,"1mber",0,0
19973420,KFimila,0,0
19979913,calledKirrito,0,0
19980354,przybyl220,0,0
19983937,swagwoman,0,0
19984746,EeveeNinja01,0,0
19985483,KITZUE,0,0
19992276,masterkaczka12,0,0
19992526,deisnick45,0,0
19993454,ki wanaim,0,0
19996851,UnshodPanda8,0,0
20006538,Freddy,0,0
20008857,TheBR,0,0
20009371,KenchoBoss,0,0
20012850,Sassakki,0,0
20015333,Yolgiee,0,0
20017471,SoulisKarma,0,0
20039339,Tofuuu,0,0
20040220,XXT0M4S4XX,0,0
20040637,AadenSaec,0,0
20046853,beerthecat,0,0
20050407,ba9oussi,0,0
20058385,BaconThaBest,0,0
20064670,Sxcreeed,0,0
20072302,Azheticate,0,0
20073124,dullerbow969913,0,0
20081397,ChemistryFritti,0,0
20081469,wurfik,0,0
20083686,fuhlaffy,0,0
20089300,Caca Gio,0,0
20095536,Miiiiiiiii,0,0
20097278,schmooba,0,0
20108110,jefu14,0,0
20117249,CocaBottle,0,0
20126366,Unicorns Cuzz,0,0
20128601,tales77,0,0
20135864,Katyelt,0,0
20143275,Vedro,0,0
20144905,BloodyNugget,0,0
20148070,samuelpepnouwu,0,0
20159285,R3N0WNED,0,0
20162096,emik900,0,0
20162698,BloxiTaled,0,0
20165556,lonely uwu,0,0
20176273,toire1001,0,0
20187397,IFxkiI,0,0
20192337,Kmayn,0,0
20193832,Zero_TwoHinata,0,0
20198055,szymixsiorek,0,0
20211658,DRlavacookies,0,0
20216208,LScream,0,0
20227385,DueK_,0,0
20235247,Magnetic fan,0,0
20244906,Squishable,0,0
20247728,Fifteennss,0,0
20247909,Serg_Bag,0,0
20249072,yokubomai,0,0
20266737,Typurr,0,0
20269958,beric_mcLovin,0,0
20277776,Lino49,0,0
20279203,renkano,0,0
20279803,Captainlamaface,0,0
20281592,Don M,0,0
20292614,Sum one,0,0
20294842,IRickelvisI,0,0
20296989,ParFurry,0,0
20301125,LemonBread741,0,0
20305767,colzy,0,0
20306905,tw3ntyy,0,0
20307259,Orseehhh_,0,0
20309814,poofish,0,0
20310326,Liss21,0,0
20312634,pixelbit02,0,0
20319520,Frisk is,0,0
20319989,floppingking,0,0
20325954,Sscoobsy,0,0
20331332,elawa,0,0
20331892,bayfex,0,0
20336237,Geivelim,0,0
20336255,eren yeagerrrrr,0,0
20337526,bylucariox,0,0
20341875,GurkiGER-UwU,0,0
20349255,xXSkyJoXx_HD,0,0
20351702,SpurGepard089,0,0
20352072,BlaskKoishi,0,0
20352744,NuRungJi,0,0
20354449,sebas160707,0,0
20357507,UltraSky,0,0
20372661,hxneyclicker,0,0
20378714,Fergus4560,0,0
20385902,Selhou_Lgu,0,0
20387830,mtteo,0,0
20388849,"2nazareno22",0,0
20388857,prostoryagenka,0,0
20390508,mcsniper443,0,0
20393489,Nickysunshine,0,0
20393631,Salemx Zeah,0,0
20401488,summaryy,0,0
20406153,_lukiipukii_,0,0
20410366,MoistyUwU_old_1,0,0
20410792,Heavens FaII,0,0
20412856,zita659,0,0
20419140,sushiio,0,0
20428155,bizmarkvega,0,0
20430378,Chrir,0,0
20434547,Dalildz,0,0
20435359,Twinkie Pie,0,0
20446750,fiyy_old_1,0,0
20447645,Abdi_Senpai,0,0
20449505,Escritorio360,0,0
20459165,Tatsuoh,0,0
20459994,reizgetz,0,0
20462480,Skillettor,0,0
20471781,deathtokei,0,0
20472308,ASHASTER,0,0
20473555,SantiaxUwU,0,0
20476603,AllissaX,0,0
20480570,H20coo1guy,0,0
20480604,XJoshX,0,0
20482279,Ariketsu,0,0
20490160,Interesty,0,0
20490344,rhoam_,0,0
20499731,hahafunny1,0,0
20506937,shilfity,0,0
20513019,Faszkereszt,0,0
20518577,Alextheaceowl,0,0
20522024,Obscurdemon_006,0,0
20523698,F0ld0N,0,0
20523790,pigion_old_1,0,0
20524581,TestGame1,0,0
20525227,autumn_spring,0,0
20530167,D357roy3r,0,0
20539242,Baltohrm,0,0
20541073,DigitalZeroX,0,0
20543220,DarkDeVortex,0,0
20545294,robaczek99z,0,0
20546056,MeLriN,0,0
20554218,Stindexxe,0,0
20556448,Iridiume,0,0
20560238,Meliodas_0u0,0,0
20560649,iamcaffien,0,0
20561086,Yare Yare Kujo,0,0
20599408,ItzWill,0,0
20603792,MaimX7,0,0
20608821,KanakoHere,0,0
20613667,yutio,0,0
20614438,NigmaJisus,0,0
20616338,Angelxdeah,0,0
20617275,pipe29100,0,0
20627748,_Julxaa_,0,0
20627788,CCBlueX,0,0
20643351,ClareMidoriya,0,0
20646068,coalachapado,0,0
20646123,Jackb27928,0,0
20649604,Kirowu,0,0
20666191,ZainThePain,0,0
20667231,noseasmalor,0,0
20669856,kapolau,0,0
20675356,Guaxiinim764,0,0
20677447,niksplosion,0,0
20677504,Mai sansbetter,0,0
20679488,Hummii,0,0
20680126,asibloch,0,0
20682860,girlnexxtdoor,0,0
20685618,DanZKai,0,0
20687744,Amaterasu[ii],0,0
20688497,inesdsf,0,0
20696380,FALLeast,0,0
20705436,LuluGlow,0,0
20714949,JadinPerson,0,0
20718593,CapalotAssault,0,0
20720387,kaisatoe,0,0
20731000,Lag Is pap,0,0
20737631,Aidencahill5,0,0
20740372,Reikii,0,0
20743682,luvteo,0,0
20744081,Rainzwth,0,0
20746911,kaliedo,0,0
20752007,Meyomi,0,0
20753165,GoodEdusito,0,0
20760519,saim3yuno,0,0
20761815,Kirineki49,0,0
20767478,Otaku-Muffin,0,0
20768438,Sneaky Sheila,0,0
20770617,kapciosek,0,0
20773161,Elyah28,0,0
20782243,Redstonecraft,0,0
20795536,meowuwka,0,0
20795807,SnooDoggos1093,0,0
20811536,toomuch_vibe,0,0
20817791,Lucasisahorse,0,0
20818308,TaYeuDau,0,0
20818571,stichgaming,0,0
20818785,ISL_SHIN,0,0
20819573,FortyKar,0,0
20823753,CyberRhino,0,0
20829987,Jacksmitt321,0,0
20839584,cryotan,0,0
20840238,chichi1203,0,0
20840276,icelikesosu_old,0,0
20849787,aleks79,0,0
20850644,TheMikester,0,0
20852632,Angeellou,0,0
20852906,AlexlzHD,0,0
20859264,Hood444,0,0
20864742,DForDera,0,0
20880100,Astomia,0,0
20884953,NecroMana,0,0
20886265,LeoDT,0,0
20888368,OSUStevie,0,0
20892977,Cooly545_yt,0,0
20894121,dorami39,0,0
20895507,Matiazzz_,0,0
20897144,elmojapeces,0,0
20909231,Kallido,0,0
20913329,Dursky,0,0
20917838,Dawnnzizi,0,0
20919758,Vmietqu,0,0
20921800,gustypro,0,0
20925874,chikoritaa,0,0
20931324,impolitePedro,0,0
20933856,jcmteixeii,0,0
20944701,"12ZUO",0,0
20946506,Selena_xdd,0,0
20957577,penssajer,0,0
20959842,ShibaInu_UwU,0,0
20963080,Vale9ti9e,0,0
20963984,liquified,0,0
20964362,Yellow2136,0,0
20966948,moodyred,0,0
20968602,TheWulfDK,0,0
20973665,'-spliffy,0,0
20977205,OddMASTERL500,0,0
20983605,vsuwhj,0,0
20986814,vad magat,0,0
20987256,Shay_SMP,0,0
20996706,Enigma_YT228,0,0
21006648,Gocho,0,0
21014075,cant_heel_,0,0
21021801,MortalGoast72,0,0
21028100,umbreIIa_old_1,0,0
21031091,Jacob_Suckz,0,0
21040639,Itzadud,0,0
21042994,taehuyngism,0,0
21043811,StevinNevin,0,0
21047098,lAJNEBOII,0,0
21048145,ItzMyu,0,0
21049271,rader657,0,0
21050506,beamchanapol,0,0
21050997,dozYYYyY,0,0
21061196,MAXUTOSS,0,0
21070838,seanisstraight,0,0
21075128,yungbird,0,0
21078279,MeDiKaMeHT,0,0
21080577,juanitosimp,0,0
21084093,Synthetic0920,0,0
21087748,Anto500,0,0
21088030,ImRidinq,0,0
21094323,h4voq,0,0
21094509,melnnn,0,0
21102859,Vaqce,0,0
21108341,Matqee,0,0
21109156,ashrua,0,0
21120698,garlic_sa1t,0,0
21128640,'-Kyra-,0,0
21132099,xxhadonkaxx,0,0
21133982,sean9896,0,0
21136609,clbjts,0,0
21141660,DeFaCR,0,0
21145078,ItzChromaX,0,0
21153195,mchmnhn,0,0
21154563,priiz,0,0
21159096,raindzyy,0,0
21160296,SollarLight,0,0
21160631,daniel fort,0,0
21172305,kyouichisudou,0,0
21178084,KinoSui,0,0
21181169,Kingbim,0,0
21184447,Otakoiyaki,0,0
21202475,repprH,0,0
21202524,kszinho,0,0
21212803,articrye_old,0,0
21213437,zapchy,0,0
21214930,Yobliyat,0,0
21215968,LEX0H,0,0
21216947,dazllbsipin,0,0
21222568,augiss1302,0,0
21223261,Papuya,0,0
21227834,ncr43,0,0
21233467,mALCOLM k,0,0
21235826,zinkbruno,0,0
21236129,Flusidy,0,0
21252522,EleveNight,0,0
21256793,ihyjade,0,0
21264180,DJ_Jeremy,0,0
21266514,Linaunu,0,0
21277501,Decoy_Snail,0,0
21284336,koshkaa,0,0
21288602,ivanhinlung,0,0
21288651,RLshark,0,0
21309787,Chorca,0,0
21316416,stewsya,0,0
21318041,SlingingSlicer,0,0
21318816,KiTora,0,0
21328035,eamyss,0,0
21328799,Xbear772,0,0
21336841,schiggy3010,0,0
21340644,CafeconMilkuwu,0,0
21341935,coolqcumber,0,0
21343313,jigoi,0,0
21349115,JoyOtaku,0,0
21359799,Alexander67,0,0
21368156,YourePrettyUgly,0,0
21370413,kiru68,0,0
21383018,KremePie_old,0,0
21399552,Nekiv,0,0
21402321,Zxpped,0,0
21405990,ComplexedWeeb,0,0
21407576,Duzxrdo,0,0
21409444,otaku_jay,0,0
21412020,japanisse,0,0
21414600,Dreadly46,0,0
21417973,dazaisenpaii,0,0
21419185,Ruther Frods,0,0
21423353,Bananagojo,0,0
21424311,Atsushiii07,0,0
21436947,JustClover,0,0
21448319,HeyThatsPrettyG,0,0
21449393,Swontile,0,0
21452253,HotSans,0,0
21454919,__T4__,0,0
21456138,WrongInputStand,0,0
21456741,Eras213,0,0
21461139,orchidmilky,0,0
21463152,momoyuhmomo,0,0
21465007,libratic,0,0
21469733,panontas_old,0,0
21471464,elmagico236,0,0
21472822,OriginallyMason,0,0
21476274,za Warido,0,0
21477984,spookzee,0,0
21501726,dan_1977,0,0
21504936,LordVader1,0,0
21506385,JorginhoTOP,0,0
21507622,SilverEYEgg,0,0
21514095,lawless320,0,0
21514687,Dkook,0,0
21517528,Renidy_Willow,0,0
21519127,klaudianwc,0,0
21519488,Ayko Ice,0,0
21522189,Xelops,0,0
21526761,spkenshi,0,0
21533724,WsgLure101,0,0
21552357,m3l1k999,0,0
21554916,Tema_Marlow,0,0
21560715,Mindbreak,0,0
21562484,in_m8,0,0
21567932,KNZoraa,0,0
21571351,SANO4EKd,0,0
21575728,Newersy3,0,0
21581267,lyexd,0,0
21589946,unkn0wn_nnnn,0,0
21597109,ajexis,0,0
21601162,"1Sakuu",0,0
21605002,DefNotLee,0,0
21606175,jannavikh2001,0,0
21620720,Funsh,0,0
21621613,Megha021,0,0
21627374,limonvq,0,0
21628340,Yuvraj11,0,0
21642864,filipramaa,0,0
21645817,MuzTo_Moon,0,0
21652261,Voffi231,0,0
21655452,ibarritas,0,0
21657130,koal3,0,0
21669240,Zektres,0,0
21671837,GAME OVER9918,0,0
21676272,DaTroll18,0,0
21692759,charteson1,0,0
21704792,pay4o4ek,0,0
21705495,DabPanda20,0,0
21714533,PhanPhic,0,0
21719339,po_prostu_julx,0,0
21720002,curious_binksy,0,0
21721709,hOWL03,0,0
21732404,hendrixhax,0,0
21736257,drifting_away,0,0
21737225,ColaDew17,0,0
21741497,Uzideric,0,0
21754654,joechen,0,0
21757626,N0Tus,0,0
21758759,YellowMoon19,0,0
21765710,Swordkenshi,0,0
21773618,PinnySkenisYT,0,0
21775766,angotakeizumi,0,0
21786098,uliana0712,0,0
21790244,"1-800-Troy",0,0
21792510,derperlol,0,0
21793227,Moraelyn,0,0
21800113,Nazar0323,0,0
21801598,Lama2310,0,0
21802780,xoxoadrianna,0,0
21805134,Ivandroo,0,0
21810418,Bigpapa176,0,0
21838899,giqnnx,0,0
21841973,Accontary,0,0
21864339,dumb_child_04,0,0
21864489,dexyz69,0,0
21865740,Dreemurr Albina,0,0
21869496,sas22314,0,0
21870773,ChodniKzKostkii,0,0
21875203,Otaku2968543,0,0
21883460,ieluhadm,0,0
21897048,MATTcool,0,0
21899107,xplayerGaming,0,0
21913255,BenMan42,0,0
21925139,shyminOuO,0,0
21927402,someonewhoisnob,0,0
21931732,Kezzu-desu,0,0
21931949,taunt,0,0
21942954,Elusive_,0,0
21944306,toxic zane,0,0
21944790,GHOSTN5T,0,0
21955469,Fagg SeaI,0,0
21958666,ciceron1234,0,0
21959982,Cooing_,0,0
21961625,BUBLE123321,0,0
21969134,Dinn3e,0,0
21970741,gsfelix,0,0
21983463,ShadowDemon1312,0,0
21985225,xRinChika,0,0
21993158,ninjanick333222,0,0
21997477,EzxJre,0,0
22000398,w o o t e r,0,0
22003329,hormymeido,0,0
22003781,Rozkun_old,0,0
22003941,KH_XXXVillager,0,0
22005646,NotShinee,0,0
22008664,qkar1m156,0,0
22009095,jabuti gamer,0,0
22009755,kamkaew,0,0
22011830,MxCloud_,0,0
22012146,HORT_Thekekdown,0,0
22014605,Ikki_Chivalry,0,0
22015749,BituteBiz,0,0
22024690,Jemn,0,0
22025883,Slyzy,0,0
22027359,MeowthePP,0,0
22038643,skillij,0,0
22052147,Zoli0137,0,0
22057441,JJbeast1464,0,0
22062676,PainfulSpy,0,0
22067837,boxboy,0,0
22071487,shisuiiizz,0,0
22073192,SHW05,0,0
22079669,bestang3l,0,0
22089565,panconquesouw,0,0
22102275,Spiff,0,0
22111053,"0_kot228_0",0,0
22119426,Yamete YAAAA,0,0
22137460,ranclus,0,0
22140249,MrsDazaii,0,0
22142037,Zocksocke,0,0
22143521,xDragula,0,0
22144598,Chillymer_,0,0
22155834,stormity,0,0
22157011,[Xiffy],0,0
22164370,Nad79,0,0
22169328,herowing,0,0
22172961,looreema,0,0
22175334,SilentGost,0,0
22181592,Lordscream,0,0
22183371,DarkvicXD,0,0
22195818,Laurin,0,0
22201861,iWrDo,0,0
22215972,xXJeahXx,0,0
22218055,Exoticlvi,0,0
22219726,unkind_328bee,0,0
22225904,Nixkzee,0,0
22226008,Nom_You,0,0
22227107,Linsuwu,0,0
22237974,DeadBerserk,0,0
22239195,Ranger071,0,0
22262614,lt Mushy,0,0
22265222,Brandonreal123,0,0
22265792,Zitrx,0,0
22266820,ArkenSND,0,0
22276474,EkGow,0,0
22278404,monicauwu,0,0
22289087,ImSomebody79,0,0
22289607,qsqnlioq,0,0
22289992,ridosyo,0,0
22292432,LinkZyd,0,0
22299464,parallelphase,0,0
22320603,SlowBoy2000,0,0
22329767,aizi18,0,0
22351272,RTK Curse,0,0
22355986,REDTREEUwU,0,0
22377820,JohnDesayuna,0,0
22401280,DeathGameroh,0,0
22406615,KidoKedo,0,0
22410332,Dr3w299,0,0
22418657,uiosol,0,0
22421030,HaloisShiny,0,0
22427502,Slulee,0,0
22440358,Ezkopyzer,0,0
22444106,saturnvizionz,0,0
22444723,Diamater,0,0
22445144,SuerenllerSil,0,0
22449219,ClackyCat,0,0
22453030,molodoyvl,0,0
22454596,zukefrosty,0,0
22459943,NGUYHELEN,0,0
22465444,Nemasc,0,0
22469196,AmarcoA0487,0,0
22472164,egor369,0,0
22474841,Panterka24,0,0
22476240,lakiiiii,0,0
22484612,eza1yx,0,0
22490610,sunsetcarpet_,0,0
22491680,ksgossaa,0,0
22492546,reymo,0,0
22494437,Nincap_,0,0
22509106,RAUL548527,0,0
22511408,ZxaloZ,0,0
22511500,LipeCampos00,0,0
22517295,Rari Elric,0,0
22517356,sirius_gabriel,0,0
22524749,DrTilley,0,0
22529128,NoCreativity,0,0
22547343,TdudleyYT,0,0
22547658,Alifsmain,0,0
22554820,Kaketkanu,0,0
22564856,WXDABABY,0,0
22567686,ARI9I,0,0
22573182,citizen50000,0,0
22573737,SwordNiiix,0,0
22578099,XLEBYSEK01,0,0
22588557,[ Melo ],0,0
22591030,Eryynn,0,0
22591986,samuelcvill,0,0
22592140,NotCake,0,0
22596130,le_idy832,0,0
22605206,RamTaka,0,0
22607048,NathalieTyan,0,0
22612328,xaoierno,0,0
22617308,porgieeee,0,0
22623623,IslamitoXD,0,0
22626425,jairis,0,0
22630682,r0see,0,0
22633415,Yorikouwu,0,0
22669347,seriinu2563,0,0
22672161,Nakira-Kun,0,0
22676795,dasbi,0,0
22695616,v48,0,0
22704581,Adequate,0,0
22712685,RuloMc,0,0
22715027,yilobo,0,0
22716952,gabbysta,0,0
22733201,serumanoo,0,0
22736884,IEatSabito,0,0
22741306,Grandfan21,0,0
22751574,Tholar,0,0
22755594,katty_tender,0,0
22760568,DrankerCZ,0,0
22760931,lokzurek,0,0
22792403,Mr Bub7,0,0
22793997,aroquitas,0,0
22794294,iliketurtles147,0,0
22797311,leonerd jezter,0,0
22798087,wingsprnt,0,0
22809568,sljimbo,0,0
22818373,zZirg_,0,0
22819186,arkashalol23456,0,0
22819811,Phoenix10000,0,0
22820368,Rybii,0,0
22822825,BerGuibrock,0,0
22824853,jeremie_br,0,0
22827794,axmonstre51,0,0
22839798,Malutkigracz,0,0
22847267,Rebi,0,0
22852735,Gejmer008,0,0
22862578,Stonksm,0,0
22871578,Hashiuga,0,0
22880289,SilnyBartus,0,0
22886823,Borderpatrol69,0,0
22890032,RushiNandania,0,0
22890501,NxMe_GzX,0,0
22890818,IlluminaStarrrr,0,0
22895398,monoMM_old,0,0
22907211,dfgdfcc,0,0
22908480,luck_223,0,0
22913026,lncandescent,0,0
22924621,Saxim1601,0,0
22927141,RoisuSama,0,0
22934116,Klonmasd,0,0
22937275,Loom2728,0,0
22937452,JacksonDobbs90,0,0
22960180,SlazzFazz,0,0
22961164,SilencedLuis,0,0
22976110,senor_ang3L,0,0
22977711,SkuicScuiken,0,0
22981325,Suzugia,0,0
22982180,Zach_201,0,0
22986149,NikitasCy,0,0
22989537,Notthisthing,0,0
22993084,someone112,0,0
22996701,wolfyshiro,0,0
22997152,shpepas,0,0
23001736,Aeoliian,0,0
23015462,FBItrapuwu,0,0
23017880,Rulieta,0,0
23021935,Thomifron,0,0
23028163,mrrich5,0,0
23057128,sailorvu,0,0
23066604,vipx,0,0
23067924,sanrua,0,0
23068257,ShoxRate,0,0
23080206,Z3ROlife,0,0
23087016,Burgermast33r,0,0
23093777,nemiu,0,0
23114543,Loongpro100,0,0
23137946,CLXII,0,0
23138656,ERIAZUXD,0,0
23144700,ItzBlury,0,0
23153257,tacofast,0,0
23155757,ZeroKungz,0,0
23162618,hibikisanada22,0,0
23162676,weib1,0,0
23163938,paku3579,0,0
23168161,rafaelucz1,0,0
23174317,Sakurash,0,0
23185679,Himhim lks,0,0
23191309,kodis,0,0
23196595,Kai77710,0,0
23200184,hakurajojo,0,0
23201646,ToweringSnake,0,0
23212549,ang3r,0,0
23212906,RicMen,0,0
23214233,Lunick_TV,0,0
23216817,corrupt_ghost,0,0
23219370,Tpircauchemar04,0,0
23229279,'-_Baldracca_-,0,0
23250936,BaMy4710,0,0
23261418,TexyLiZaR,0,0
23271921,jounu,0,0
23272580,kzOden,0,0
23274731,lobstershampoo,0,0
23275584,jaygasosa,0,0
23279634,Akimitsu-san,0,0
23288247,alexandryon,0,0
23293229,Vackzo,0,0
23296943,sprkmiji,0,0
23302565,ktos123811,0,0
23306165,Olisiowa,0,0
23317081,trashplayer1122,0,0
23319566,KaidaH,0,0
23325930,Chel o FODA,0,0
23337612,NandaXO,0,0
23353434,Jhon_Smith_35,0,0
23362004,artutoxic,0,0
23364905,JacobBaecob,0,0
23379258,xZuna712,0,0
23386826,Valentina_507,0,0
23387653,IonShiese,0,0
23390941,G2 BENIJU,0,0
23392156,Toonz06,0,0
23398489,steamhalt,0,0
23413396,squidsquad1,0,0
23420869,Jackli77,0,0
23422992,gaheekim03,0,0
23424257,in_fernox,0,0
23426348,Denisaalol,0,0
23428389,SLYDOG_old_2,0,0
23438687,Trig-55,0,0
23447918,Pawell_,0,0
23454789,Plasmaweapon198,0,0
23456231,TotorPotate 11,0,0
23466087,PhantomicFur,0,0
23467920,ludwigOSU,0,0
23470286,CJRP,0,0
23472183,Grabiel5018,0,0
23472490,FBI_Vicho,0,0
23478557,Bayne13Playz,0,0
23482163,Jigurtas,0,0
23484647,Skeletan,0,0
23487835,Ai-n,0,0
23487969,n1sto,0,0
23492217,LuHan950,0,0
23494983,RexoShoyo,0,0
23501595,ninjaplex,0,0
23520351,bruhhh420,0,0
23533694,Darkrai28,0,0
23534245,aldrinyves,0,0
23534918,frianslowhands,0,0
23535450,"32356632",0,0
23539772,eu7in,0,0
23543111,Germady,0,0
23545282,StriekerUk2,0,0
23549309,bialindona,0,0
23549357,Illiya_gamer,0,0
23552044,saintboone,0,0
23561173,Pifchansky,0,0
23562051,Rikkaaaaa,0,0
23562142,MasterTamir,0,0
23567171,Synkey,0,0
23567742,ghegdfhg,0,0
23583582,GOOGA_GOOGA,0,0
23584977,Mewkol,0,0
23585089,Coeur Leader,0,0
23598126,mochaviruss,0,0
23599432,'-SoyJ0S3-,0,0
23603989,Ahsanxd,0,0
23604781,chiefz1123,0,0
23606902,ACEForte,0,0
23612064,Scorp,0,0
23615557,Kragen,0,0
23630593,B76,0,0
23640122,roomtempbev,0,0
23657666,Nervrik,0,0
23660273,iAdily,0,0
23663202,lautyss10,0,0
23672304,poriporimaze,0,0
23672401,jimbojoe36,0,0
23679967,indn,0,0
23680322,ReDaichi,0,0
23682427,hyuaae,0,0
23684689,kardia_13,0,0
23685261,nunami,0,0
23687471,saruwu_,0,0
23699814,ItzZ_Levi,0,0
23703541,Hanics,0,0
23706046,wokex_,0,0
23720945,NiseGamerCraft,0,0
23728525,gay girl,0,0
23733754,Pax8,0,0
23741516,TatsumiBruko,0,0
23744830,sugarli8166,0,0
23746606,Mr_YeeYee,0,0
23760774,mr_spider,0,0
23761682,"8vqe",0,0
23765692,GeoBoi_31,0,0
23786969,vivian_playz,0,0
23793611,Shpooner,0,0
23800617,leanndsilvaa,0,0
23804096,lmsad,0,0
23816874,kimispanda,0,0
23818761,Aehzo,0,0
23819533,Sytw,0,0
23825585,"1185829957",0,0
23828136,LucianoHenrique,0,0
23831142,desnabuxta,0,0
23840509,shinguwu,0,0
23847618,studien2,0,0
23850535,lastshot2020,0,0
23851059,Lamuerte2526,0,0
23860163,DanieL AlonsO,0,0
23861478,ANixLyz lio,0,0
23861814,stupid saiko,0,0
23866315,jacamu07,0,0
23871282,gambri6611,0,0
23875274,DeKu og,0,0
23876125,Skuppraa,0,0
23879538,'-Dilancito-,0,0
23886673,joj0_,0,0
23900232,Ruuie,0,0
23901093,thenigmare123,0,0
23914799,BlackSheep Chan,0,0
23917431,zIchBinAmCampen,0,0
23921638,UltraDonut,0,0
23923196,antobetta,0,0
23927515,DeLlama,0,0
23930184,auto2507,0,0
23935959,meykoo,0,0
23939543,vavilun,0,0
23940528,Kulc,0,0
23955306,Shimiyayo,0,0
23967246,preciousOTIN,0,0
23968398,GoodMORNING_MYN,0,0
23979708,KentaiHD,0,0
23980730,zeibtw,0,0
23984806,M1nJu_,0,0
23991112,Ryuma0,0,0
23997775,ethan3,0,0
24000080,ANAKKAMBING,0,0
24012929,SuperXuxo153,0,0
24018430,"3zahinz1",0,0
24021070,chocotori0210,0,0
24024126,eddyysonn,0,0
24026015,Top500practise,0,0
24027848,ninevicious,0,0
24039622,AlejoGH,0,0
24040122,JhonDaniel15,0,0
24040836,Eva418,0,0
24041765,yuhan05,0,0
24044432,sisifos2012,0,0
24053234,EgoPodre,0,0
24053450,FeuFlexion,0,0
24060156,luzifah2002,0,0
24062229,Wicashx,0,0
24069795,Crazy-omaru,0,0
24091832,marukun_,0,0
24092868,Marihj,0,0
24100797,SnowyySnoww,0,0
24106906,dnac1d,0,0
24114109,YOLOFISH24,0,0
24115196,Elanine,0,0
24115665,VortexVIO,0,0
24115978,wxvyvv231,0,0
24117469,Sdfwf,0,0
24119503,Diver320,0,0
24126964,F the beast,0,0
24130316,Izuma-xchan,0,0
24145607,oSuNik,0,0
24145716,genn12,0,0
24153977,Ansom0425,0,0
24154883,Ak0ttv,0,0
24156212,goglr51,0,0
24166157,iTakee_old,0,0
24166573,nosequeponer201,0,0
24166832,"7IpNIK",0,0
24175322,MOK_TAN,0,0
24177826,PlasmaPlay,0,0
24181238,siema69_old_1,0,0
24184756,IkariIsDead,0,0
24185467,ManuSalazar,0,0
24186492,sans615620,0,0
24190108,Furrline,0,0
24195126,Sharpy342,0,0
24198972,Yamato_owo,0,0
24202991,Camiroots,0,0
24208489,CNI_newbie,0,0
24209071,durka simulator,0,0
24219084,Rong_ouo,0,0
24223904,Yqoo,0,0
24227086,Siriuss,0,0
24228175,sudlyhaze,0,0
24237563,AroskA,0,0
24239676,torito254,0,0
24246342,LiA14,0,0
24258184,Javierdp03,0,0
24263731,cabbagesoup,0,0
24266387,sukai kun,0,0
24266946,BestSaeroy,0,0
24268024,Edgybambi,0,0
24273178,KGH144,0,0
24277340,MaceKnight111,0,0
24278154,kiave23,0,0
24286992,Milkbread_123,0,0
24295990,Maybekkj,0,0
24297076,ixzc,0,0
24303017,nynxroses,0,0
24308792,dede2998,0,0
24317013,d34dc10wn,0,0
24326938,xptions,0,0
24344399,WillonPills,0,0
24347848,Katoryo016,0,0
24352037,daniil888777666,0,0
24354447,Derotass,0,0
24355030,AstroPop,0,0
24356884,Cherri_,0,0
24357789,renatocxic,0,0
24364707,ang_el,0,0
24364904,zenitsu7412,0,0
24366699,Undesiredotaku,0,0
24367436,Claark-_-,0,0
24370022,zxc791248,0,0
24379873,LTH Truth,0,0
24390043,saytinss,0,0
24400497,Kider,0,0
24401592,DolfinDMC,0,0
24402915,VENTICLONES,0,0
24411263,hildasgarten,0,0
24414544,velminha_00,0,0
24415149,toeu111,0,0
24417503,amcoooo,0,0
24419131,k1te7,0,0
24422645,Rashafar,0,0
24433903,mike_xd,0,0
24438560,CryentNebula,0,0
24441051,zed_led,0,0
24442574,willthewish,0,0
24448945,ian8866,0,0
24458284,The Bassist,0,0
24465535,abyaksya,0,0
24472654,Ryuzaki San,0,0
24483196,fujoboo,0,0
24488011,blackfcen,0,0
24488592,[SCK] Ayanokoji,0,0
24491082,an2l,0,0
24494151,CAPER,0,0
24499541,Taylite,0,0
24507543,DunGon,0,0
24513489,iagopousadouro,0,0
24514774,drako_lagos,0,0
24515637,Magic-No-One,0,0
24515666,NaejxD,0,0
24515925,Dasherrs,0,0
24522374,elwegrz604,0,0
24526096,Ariel-,0,0
24527735,Velfire X,0,0
24528816,NirvanaGrid,0,0
24529477,TheGhostRuso,0,0
24533168,kYzya_gg,0,0
24534390,Regnn,0,0
24538364,marimovx,0,0
24538527,human321,0,0
24561834,Moises_Kirito,0,0
24574971,O_NEW,0,0
24581455,Nakano Nin04,0,0
24583608,faptik,0,0
24585213,Jazirehmazo520,0,0
24591574,B1aise,0,0
24593224,Thexothat,0,0
24610206,vali_571,0,0
24612625,Kuramine_Atori,0,0
24614640,R1CK7NH0,0,0
24615061,Ivan Nered,0,0
24632376,alisager,0,0
24662199,arda145738,0,0
24668020,Lord_Elucidator,0,0
24675585,Neebox,0,0
24677706,At3xxx,0,0
24680649,yto4ka23,0,0
24681753,TedysonWells,0,0
24688732,S3rM4rK0r,0,0
24692011,tayritsuu,0,0
24695144,arrozconpato,0,0
24700513,Hahvulon,0,0
24704916,saharov666,0,0
24713830,EscaDios,0,0
24716462,CraxzyEgg,0,0
24718673,effy1501,0,0
24731088,tartar_,0,0
24732017,TheEricfa,0,0
24740964,ositogominola11,0,0
24743916,mrspamboo,0,0
24749154,morph1e,0,0
24752066,malkiessbtw,0,0
24767274,NACHOBLENKI,0,0
24783885,osuGame1,0,0
24805831,thisgamehurtsme,0,0
24811096,Xtwentyxd1,0,0
24815423,chinto27,0,0
24817595,GAFANCHIK,0,0
24818174,KillerQueen2222,0,0
24822920,conner2278,0,0
24823679,sakuriberry,0,0
24823789,wjddma,0,0
24827389,Mysticslayers,0,0
24828461,PinkSunrise,0,0
24836141,Feliarro2060,0,0
24840676,Aluxel,0,0
24841836,RoyalTalon,0,0
24848368,Masashi-_-,0,0
24850117,flying_dogs,0,0
24857632,Null01,0,0
24869778,Daybe,0,0
24871865,SUGTIE,0,0
24872123,lolskw,0,0
24876936,kk25510558,0,0
24879686,CriticalHeat,0,0
24882514,navav1,0,0
24890086,Darth Kermit,0,0
24893658,thinking_____,0,0
24896486,PEDROTTY,0,0
24907716,hache_bone,0,0
24911843,L1ghteen,0,0
24913209,kitcra,0,0
24932292,ElizabethBF,0,0
24945815,utkakrakra_old,0,0
24958495,JavVM,0,0
24962636,MzW,0,0
24963414,Miracle228_old_1,0,0
24969043,cardogie,0,0
24969684,amigosdekks,0,0
24974147,Intrvl13,0,0
24979912,Nice Try Bro,0,0
24984304,KageyamaSheesh,0,0
24987744,Sazuke Castilla,0,0
24992028,farco83,0,0
24994743,sxgeisdumb,0,0
25001174,MPT but Osu,0,0
25009120,yudies,0,0
25011519,Phoebee_156,0,0
25013078,"5k2481",0,0
25034238,PablisMB,0,0
25067342,Starrypea506,0,0
25070333,firulais_UwUxdy,0,0
25074200,HTK0313,0,0
25078357,Tox12,0,0
25081767,Artifax12,0,0
25094020,aliseRu,0,0
25098615,KnEe-Yo,0,0
25111040,Matheo 0w0,0,0
25134175,dpsinplat,0,0
25136160,Markkiing,0,0
25139549,aimeo4152,0,0
25140226,Fariz025,0,0
25143008,neolu18,0,0
25143182,ForLeag,0,0
25145468,distressedcurly,0,0
25154621,chincheese,0,0
25156828,Efendy_old_2,0,0
25173514,Concrete3993,0,0
25184410,caca_du_bendo,0,0
25187817,CatclysmOsu,0,0
25189739,killerN80real,0,0
25193778,KimchiSophie,0,0
25198637,FusRoDah007,0,0
25199877,Putra Tahu Isi,0,0
25210497,NikkiReuz,0,0
25211176,blu16,0,0
25217377,benjasaurio,0,0
25220270,ruslanchiiik,0,0
25228618,Odivis,0,0
25230164,sartal,0,0
25235300,sunpicso,0,0
25240662,jinxzsy,0,0
25244984,dsa_line,0,0
25245525,Lilli1809,0,0
25255144,D4M7C9,0,0
25258100,FALCON_DOGSHIT,0,0
25261490,lerisloop,0,0
25264418,mrkieree,0,0
25270392,Yanight,0,0
25272839,lorporon,0,0
25274505,Darenimokate,0,0
25278370,SoftIsGood,0,0
25281583,zelvanicks,0,0
25290401,AriaRoscent999,0,0
25291969,sAv1our,0,0
25297861,wodka,0,0
25298706,DiLax_,0,0
25307345,PotattoComputr,0,0
25312436,Tedd16,0,0
25313293,Fire_Foxyt13,0,0
25313313,Danpro67102,0,0
25313358,sUSSYnOJ,0,0
25313531,pelmeeen,0,0
25326446,chithei,0,0
25327574,NewbieLv1,0,0
25330289,alexisophi,0,0
25332130,surty_old_1,0,0
25340135,ANGYROMA06,0,0
25345262,W4ch1t0,0,0
25345513,Velnal,0,0
25347299,yixun,0,0
25348864,dodicus,0,0
25355330,itsbacon_inc,0,0
25356338,rikushake,0,0
25360063,figo43720,0,0
25363839,Kabancik09,0,0
25366187,EchoTheRose,0,0
25371143,MILK1233,0,0
25373321,cryingmanx1,0,0
25376276,koreythecar,0,0
25382201,andrei141211,0,0
25386621,Kedi_Kamil,0,0
25390053,rfbsuper,0,0
25402118,Evoflys Gaming,0,0
25402480,Qvar1x,0,0
25404270,DIM0000n,0,0
25405256,Mateus_boo,0,0
25411741,Purplle Lizzard,0,0
25414743,Noshido,0,0
25414829,rngnr,0,0
25422380,Abisku,0,0
25429328,PlatinumDan,0,0
25434070,borosek76,0,0
25448013,Naroomy,0,0
25454313,c4r4c4l,0,0
25480829,INVAZE23,0,0
25487657,Darkeox34,0,0
25488980,lorbame,0,0
25498578,drope12,0,0
25503619,Shirokii,0,0
25511089,Rosarioa,0,0
25533349,Misterluigi25,0,0
25539115,yor1k,0,0
25539518,JMSPlayz,0,0
25540147,ko_ko_1234,0,0
25544712,etherealxros3,0,0
25546148,newbbrah,0,0
25547794,wonderhoi_old,0,0
25548139,Kerostoja,0,0
25572529,Milashkinsf,0,0
25583616,bahaxphp,0,0
25587855,maarudx,0,0
25592449,Yuriili,0,0
25595005,fronezZ_,0,0
25604930,goldoonios,0,0
25608815,koshaklox123,0,0
25609074,KachalovesPatas,0,0
25609439,TioMinaruto,0,0
25614661,Julia199905,0,0
25620424,Arinx0,0,0
25627217,NAYT LE charo,0,0
25629107,YUkvfx,0,0
25629824,Friskisi,0,0
25633139,kubapmi,0,0
25655790,bluedevils10123,0,0
25659187,LurethVT,0,0
25659739,Yoshi bebe,0,0
25665680,solvent_venous,0,0
25669214,Par is,0,0
25671093,nedsarrfu,0,0
25687472,tulapeluda12,0,0
25694458,LSkie,0,0
25699003,loruxx,0,0
25701752,pablo02580,0,0
25708869,Andreonetwo,0,0
25710293,DanTheLionn,0,0
25712321,yiyi878,0,0
25725444,Sogekisan,0,0
25730923,Cloudstir,0,0
25776215,Franexx6,0,0
25777919,jhonatanlm_old,0,0
25780694,OtterMelon12,0,0
25787375,ARC1205,0,0
25788597,vinimil,0,0
25795233,ReSam147,0,0
25826716,ShadowRoom_old,0,0
25832194,Nooaboi2012,0,0
25834740,catssor,0,0
25846097,Xquenic,0,0
25870581,NesuixK,0,0
25873738,VicThozzz,0,0
25880348,XxdiogoXs,0,0
25883315,Percivalll,0,0
25887380,Raiden1121,0,0
25890186,i hate u,0,0
25899510,TherealMMO,0,0
25908131,Syriaka,0,0
25914305,F_ManJerk,0,0
25934956,SUGOI KAWAII,0,0
25950518,matteodev,0,0
25958621,Superjason12138,0,0
25970546,DJFILL007,0,0
25971297,coshrosh,0,0
25976206,pro100_dana5,0,0
25981844,awa_detochua,0,0
25991431,Bashe,0,0
26008184,Polkino,0,0
26012893,allmute-_-,0,0
26018317,tigui_rdg,0,0
26024107,ordeP_16,0,0
26025237,daunsito,0,0
26028084,Ana me_old,0,0
26029615,Roma185,0,0
26030187,bruhman42069123,0,0
26034270,Cantlogn,0,0
26036187,Vinicinho_old_3,0,0
26048272,marinanagasawa,0,0
26053045,name in whitexd,0,0
26061255,Kiazua,0,0
26062636,Nachitt0,0,0
26072139,Craft_Y,0,0
26074394,lipoveeet,0,0
26076773,zxcumer 1000-7,0,0
26077442,Queen1ks,0,0
26078663,esquilofodido,0,0
26082248,NexusYT739,0,0
26089480,Zakisun,0,0
26089547,Saiko6969,0,0
26092220,Spicy Milk,0,0
26099654,robilol2411,0,0
26112999,kawagoe,0,0
26119932,Kaguya WEEB,0,0
26136991,FastClock,0,0
26155830,Nao-shi,0,0
26158267,BeppaPeppa,0,0
26169525,LordDarkNakkai,0,0
26169557,jeverson,0,0
26169893,Grihail,0,0
26170821,deyvisxd,0,0
26180513,rimuruuuuuu,0,0
26187469,Cute3candy,0,0
26199664,dyingbeauty,0,0
26206017,arasaytg,0,0
26211292,Alan_the_gamer,0,0
26213674,YeremiaTzy,0,0
26213795,Hareezona,0,0
26235656,Oscar_Rhodsie,0,0
26236562,Krughlik,0,0
26238981,Yoshy15,0,0
26255479,PurelyAverage,0,0
26255507,Yuukicx,0,0
26260936,Cicardo05,0,0
26266775,whu taus,0,0
26275112,Kappa12_old_1,0,0
26282549,sooyangel,0,0
26285601,katoof,0,0
26300473,coleehaha,0,0
26308886,Palabana,0,0
26309718,Conkk,0,0
26319140,santipiece,0,0
26327759,niggo 0815,0,0
26332917,ioIite,0,0
26333033,mam04ka,0,0
26333143,cappuccinoTwT,0,0
26360051,RiasSenpai767,0,0
26374672,ThatNickYouKnow,0,0
26377232,storyteller,0,0
26381659,radouatm,0,0
26393772,noaozer,0,0
26398664,kinomy-san,0,0
26407319,WhyAmIHereBro,0,0
26409446,MAbajedeme,0,0
26411961,marco_777,0,0
26426851,hanako_ditz,0,0
26438002,Kuksiiik,0,0
26454969,POOMGG,0,0
26499038,fby,0,0
26518024,SweeOwO,0,0
26533041,NuttyMacquire,0,0
26534960,Dyrroth04,0,0
26542346,asdwer12233,0,0
26544239,Shiissui,0,0
26553992,'-Talon-,0,0
26558181,LUBAY,0,0
26567649,kljaeglke,0,0
26567778,nndog1,0,0
26575696,wer12r,0,0
26578850,karilco,0,0
26580998,Qiracanto,0,0
26601636,Helipto,0,0
26609212,Edrillzdademon,0,0
26613484,soul091,0,0
26626651,Notallaz,0,0
26628396,keikagi,0,0
26633095,Sattle,0,0
26659848,Kosmodows 2000,0,0
26664050,Deathxc,0,0
26666240,IlXoniXx,0,0
26668005,FinnDarks,0,0
26669411,its_val_,0,0
26677955,farisss07,0,0
26694792,k1tty_grt_,0,0
26697014,Emma_Mn,0,0
26720399,jackyho4,0,0
26720950,ruhgss,0,0
26723068,AnDurka,0,0
26723324,NinjaRaptor_YT,0,0
26750193,yuzuhoney,0,0
26751914,pandapolar_,0,0
26766650,kenzerox,0,0
26769915,Resolut1on2005,0,0
26786411,stepjoopiter,0,0
26790430,ELspyro_old,0,0
26791765,NyafGuy,0,0
26791825,Gb4n1223,0,0
26800747,nirods,0,0
26802794,BlobWeadner,0,0
26806749,Its_J_old,0,0
26815366,Ponchik089,0,0
26839968,igggggyyyyyy,0,0
26842457,realpixelle,0,0
26859372,xXElisa_CandyXx,0,0
26863823,Skreyd,0,0
26864869,fkekwkrwe,0,0
26881071,TheInferiorOne,0,0
26881191,"4LION",0,0
26891777,IiZjuicy,0,0
26901440,PUMPO,0,0
26906157,Sato_1010,0,0
26907194,WiredDust,0,0
26907690,'-INTELLIGENCE-,0,0
26909034,Holaitshunter,0,0
26924322,magi joestar,0,0
26938437,Nova_Tempest,0,0
26949301,Ducky451_,0,0
26950708,sopoul_,0,0
26954028,DuckyMcLucky,0,0
26960665,JeremyJoestar,0,0
26994816,XUNNNNNNNNNNNNN,0,0
26997558,lachichaducoin,0,0
27002125,smonya,0,0
27020951,BioMakker,0,0
27023227,Sylp,0,0
27026085,ghaidachan,0,0
27033297,HiFiveE,0,0
27039653,mastriccio,0,0
27041629,I Dizzy I,0,0
27051714,t0k4y19,0,0
27067306,ForstJ,0,0
27083472,Rodostlyn88,0,0
27107037,Alfonsox3025,0,0
27107924,Ah Han,0,0
27110609,Sadibit,0,0
27114546,UncleDrew_old_3,0,0
27120320,PoulpeX8,0,0
27120659,TokyoRL,0,0
27130301,RxYameru,0,0
27137837,LUIPIIN,0,0
27137954,iiSavagePotato,0,0
27146303,Nikka,0,0
27146452,GAnst,0,0
27186226,k3os_old,0,0
27191331,chikamiX,0,0
27202307,Moneyerwan,0,0
27212266,kai264,0,0
27220597,swetyhasui,0,0
27223981,Amaterasuu_,0,0
27233103,TomasMaly,0,0
27233720,Broccol,0,0
27258172,GlossAddiction,0,0
27259374,spirosliagas,0,0
27286730,Bluux,0,0
27292742,Lokozero,0,0
27296501,kaeyafor1,0,0
27311966,david61210,0,0
27316346,mogeoeoe,0,0
27324764,senorpog,0,0
27335455,Gabbyyyy,0,0
27342636,potatoguy12345,0,0
27347471,DIPIILL,0,0
27349633,pateumare,0,0
27359265,Vlaadi,0,0
27365180,Hikkigaya163,0,0
27402847,Chris Tav,0,0
27404148,zxc takizawa,0,0
27410901,Shau30,0,0
27426248,dedinolol,0,0
27431688,Vampii is cool,0,0
27432147,Jersade,0,0
27437342,Slaye4r,0,0
27444903,aliesyack,0,0
27446314,thatoneweeb405,0,0
27458663,Berte42,0,0
27462578,krabstor,0,0
27483092,MassiveAdrian,0,0
27483675,Gon3Viking,0,0
27490215,SGlitcher712,0,0
27496376,Samurevel,0,0
27499184,VoidTofu,0,0
27501310,purple_ramune,0,0
27509492,Mario Pio-Kun,0,0
27514856,VOLTz9,0,0
27518750,Random39,0,0
27518961,Ben987651,0,0
27542239,timatiboom,0,0
27561320,kaopatt_old,0,0
27561631,erever228,0,0
27564649,NovaeX7,0,0
27577325,Jxde,0,0
27579958,itz mee_old,0,0
27580331,Expert_328,0,0
27589198,BoredBean,0,0
27594308,re1ura,0,0
27624792,"12 ART ZERO",0,0
27628562,vladyshok,0,0
27644113,Tilllindemann,0,0
27656331,rossiewardoyo,0,0
27679806,KatzySan,0,0
27681643,Mararara,0,0
27683168,trjoshua08,0,0
27683787,rtwbucks_kys_,0,0
27704506,Rick5777,0,0
27708917,iTzTyK,0,0
27710344,Nik0n72,0,0
27714602,ayako_o2,0,0
27721107,ansaqla,0,0
27742539,Atsuyo_old_2,0,0
27749384,TaDeLegit,0,0
27749585,zischl,0,0
27758240,R4chello,0,0
27759190,ThiccSzar,0,0
27774244,lxyi0nw,0,0
27782905,ani_chan972,0,0
27787524,Nab_pro_gaming,0,0
27788044,Oresto,0,0
27789291,bershka17,0,0
27791240,SaNOW_Sky,0,0
27794864,colebui07,0,0
27796888,Aishiharuno,0,0
27811547,SYNTHCORE,0,0
27814988,WETELL,0,0
27818070,Keqingggggggg,0,0
27834859,gmsl00,0,0
27834939,SpicyAd0b0,0,0
27840989,Mon Brigido,0,0
27842083,kaykekkkj,0,0
27852596,kainelol,0,0
27858666,trixyeyey,0,0
27867762,skR1p1k,0,0
27868347,ZenixG7,0,0
27871997,RogerVP,0,0
27882482,camados93,0,0
27889355,Velo11,0,0
27891636,ChrisGreat,0,0
27898696,temnsty,0,0
27899560,HookJ,0,0
27902846,O_d3ad_wl,0,0
27902924,Ferretio,0,0
27906679,CraZyCaddn,0,0
27907256,Uvita_pizi,0,0
27916345,gunkplazti,0,0
27918843,Toracat5087,0,0
27921983,pussiss,0,0
27937540,yugentr_,0,0
27937968,Prismaacesin,0,0
27942814,elsa86,0,0
27950266,Niikaaaa,0,0
27951584,edqqar,0,0
27958820,wolf-Blitz,0,0
27963179,m0gar,0,0
27983024,Mads2008,0,0
27984735,Muptezel Deve,0,0
27998008,adiishere,0,0
28020120,BlackCat9690,0,0
28022614,blyde_ed,0,0
28027513,monkeydshota,0,0
28029264,jammy_onion0,0,0
28034974,motherass,0,0
28037593,Fudo_00,0,0
28054228,YUUYAKUNG,0,0
28056121,c0nfl1ct409,0,0
28058668,RemEmber1_old_2,0,0
28068059,ragons69,0,0
28068950,BigLeeChu,0,0
28068999,Epic123XD,0,0
28075926,DeePWateR16,0,0
28078875,HEROBRINE2042,0,0
28079698,INDIIBIA,0,0
28087856,ThisMan_,0,0
28094807,jaysniper69,0,0
28108374,beymaster100,0,0
28114865,DinhVietAnhVN,0,0
28116893,That_One_Guy_19,0,0
28119302,str imad str,0,0
28128805,xbamboozledx,0,0
28141292,ehamal1000,0,0
28143569,NightSnack06,0,0
28147676,Nickron,0,0
28148165,Alejoog12,0,0
28149676,VaryLand,0,0
28150867,B2H_LYNX,0,0
28158225,Masshiroshiina,0,0
28167256,Flark_old_2,0,0
28172396,xBuno,0,0
28177581,INatt17,0,0
28183177,ViroxMaker,0,0
28186193,Go1d009,0,0
28198579,biasa4305,0,0
28202011,Miomi21,0,0
28203899,FranHakken,0,0
28213043,mihajlokimi,0,0
28232381,'-Hina Sorasaki-,0,0
28233357,Sweetroll,0,0
28236878,Shomie,0,0
28240753,kostaspapaP,0,0
28248936,bubletema,0,0
28253620,sooooofool,0,0
28253752,ichikaa_,0,0
28271822,Celtty,0,0
28285788,noriam64,0,0
28303622,dvlishe,0,0
28304438,Iamalien,0,0
28305273,ruinedkps,0,0
28313046,Yamato agon,0,0
28314260,renardOxO,0,0
28314289,Jixyyy,0,0
28319623,Klarjis,0,0
28322892,erikapru,0,0
28325152,Jay142,0,0
28325327,Pinguinoss,0,0
28326822,MaskyPvP,0,0
28358993,Calmisiyei,0,0
28360571,moxito104,0,0
28376004,Bardlvl99,0,0
28380862,DJ_Enderman,0,0
28400927,requiem2k,0,0
28408634,warlock8279,0,0
28409907,RubySlow,0,0
28410770,ImNotCrrl,0,0
28418017,tigger5525,0,0
28428480,LnwCP,0,0
28428783,walrus_old_4,0,0
28431087,hanbae01,0,0
28443527,bethxnz,0,0
28445377,AIMgekiro,0,0
28450331,Antekcxs,0,0
28459320,Jmak1008,0,0
28467683,DefaultsSz,0,0
28480704,antares_178,0,0
28483476,excalzrequiem,0,0
28490166,_kaizaria_,0,0
28496245,gaapi,0,0
28499870,mitshura,0,0
28517975,ErenYeager129,0,0
28528743,ykira_old_4,0,0
28533505,xsnsxv233,0,0
28541431,i_midorya,0,0
28542844,happynoobtrump,0,0
28550734,TURTLEFCKER,0,0
28561540,Meshia1226,0,0
28563113,kittyslugs,0,0
28564899,Obi_4z,0,0
28575571,Artura4in,0,0
28586594,zatian,0,0
28595664,iamdoodoo12347,0,0
28607144,Rially_o,0,0
28607586,SillyApaix,0,0
28611141,Krayonn 69,0,0
28621903,Prabuelsi20,0,0
28625689,lavley,0,0
28628574,pericles_old_3,0,0
28638788,ReidanMeat,0,0
28649878,zinum,0,0
28653357,frosty15_,0,0
28654251,NanoOolong,0,0
28655540,xmeowwx,0,0
28666294,Catto369,0,0
28675809,lolhax,0,0
28680623,gdsyth,0,0
28687929,dffgrfdfrhrytt,0,0
28704899,AstralTwo,0,0
28705007,mmzxs,0,0
28708472,iiLpl08,0,0
28710279,L0mio,0,0
28712613,boodCD,0,0
28717951,Yeyu_lock,0,0
28723683,Thepastababy,0,0
28733301,impact43,0,0
28740597,Zodak_,0,0
28741468,Nyx781,0,0
28742340,piscogrus,0,0
28745089,"15 dollar visa",0,0
28746353,arichu_old_1,0,0
28756507,juack3,0,0
28766946,katchauz,0,0
28773712,wbogacz,0,0
28780148,Megumin mate,0,0
28783211,AshtonLmaoo,0,0
28809004,kokiblack,0,0
28812433,mishgun851,0,0
28816559,culuyuki,0,0
28820809,Xelz_,0,0
28825996,wiemdasze,0,0
28843815,elduendesitougu,0,0
28845977,PrWeak,0,0
28851982,Bluelizard,0,0
28854835,Zapatilla_old_3,0,0
28861308,Jiggy2_old_2,0,0
28866675,dddafsefsee,0,0
28875811,adasku,0,0
28880586,KDAniel005,0,0
28881322,Ivou,0,0
28891022,bubengay,0,0
28914452,naufalhann,0,0
28919553,Quindecim12,0,0
28924067,z6masu,0,0
28938288,Sprinxxx,0,0
28948349,Telipot,0,0
28954656,ZENI53,0,0
28959440,Den4ik212121,0,0
28961110,OmegaVexus,0,0
28962988,MOUSEYASH934505,0,0
28963578,GameKnight999,0,0
28966006,Yzuken_1338,0,0
28980684,boohbee,0,0
28981852,BlaczeQ,0,0
28990862,love_ko,0,0
28992455,KENTUKI,0,0
28998720,kk47bowser,0,0
29004249,Techin_Kung,0,0
29009914,dwsconto,0,0
29013062,"0duk",0,0
29013081,N Skill,0,0
29028707,Pawsidlo,0,0
29033716,Syphaen,0,0
29051186,Akonanna,0,0
29057320,Murphyyw,0,0
29061393,Paee,0,0
29063528,SinnfulDante,0,0
29063589,fatsanta,0,0
29085478,maycua,0,0
29086853,Alextactico21,0,0
29101671,snr_,0,0
29103463,Toggal YT,0,0
29109988,klopa777,0,0
29111771,jhonnatan_gato,0,0
29115513,ayabird,0,0
29127915,NiWa_LP,0,0
29130269,Niki1213,0,0
29136134,Reaper512,0,0
29144740,Jaem_nn,0,0
29156652,KasmirZ10,0,0
29157644,BluRain,0,0
29164271,M_A_D__old,0,0
29166032,Daddy_BakaPP,0,0
29168577,Cin0var,0,0
29186192,mthysxxx,0,0
29186557,antarcide,0,0
29205335,DuBoBNy839,0,0
29214705,gianxd90,0,0
29219422,Lox_hard,0,0
29221180,take217,0,0
29229340,nokokazu,0,0
29230934,hanachi38,0,0
29231063,Tsu_Kodokushi,0,0
29233922,"69sixko",0,0
29279583,Player1228,0,0
29280169,BogurtYogurt,0,0
29286171,CD87601,0,0
29291815,phanvutra,0,0
29296350,HuTaoo23,0,0
29301683,gentiku,0,0
29307267,samuxD6,0,0
29322201,YHNEL,0,0
29326443,jean12,0,0
29329598,Hirooo,0,0
29336087,Hisswand,0,0
29354412,CRAZYFOXY021,0,0
29359227,Lectrical,0,0
29366216,Biribi,0,0
29370571,augusto01xda,0,0
29371923,altruism,0,0
29378531,zullsky,0,0
29387155,s3yuAnti_,0,0
29392705,Effab1e,0,0
29394689,PCthaboi,0,0
29396168,BShark_,0,0
29399106,NiftyGuy,0,0
29410936,SlushiePlayz,0,0
29414947,HieeusSama,0,0
29415964,inkedblack,0,0
29416826,"8asd7",0,0
29425029,Chiaoxang zhang,0,0
29432879,werkbu,0,0
29443251,oj4ru,0,0
29451842,Zakyen_,0,0
29456588,Tsuneo_vn,0,0
29460162,VoidIsTrash,0,0
29470983,suckitfoo18,0,0
29472611,fei2005,0,0
29478120,usagiyashiro,0,0
29478151,Mipuzzailpuzzo,0,0
29480042,Kishyx-,0,0
29484950,OwenNoir,0,0
29488626,MeguMinRK,0,0
29489491,simau99,0,0
29491476,Galaxy_62204,0,0
29498374,astrowy,0,0
29503272,maroniiim,0,0
29506233,qingfengke,0,0
29510047,ImNotKryptic,0,0
29513721,Overlord1216,0,0
29523441,WvladW,0,0
29526970,ItzPeelyz,0,0
29546920,takuto0122,0,0
29547488,TwistedEsteem,0,0
29569769,"07Light",0,0
29576985,hazeka,0,0
29581193,ihavbbcniga,0,0
29582002,hihiro,0,0
29593074,Andrey_Syr,0,0
29596167,sagandesu,0,0
29605718,vetalichok,0,0
29610630,accutae,0,0
29611413,lucaidk,0,0
29615115,Wob716,0,0
29637922,LoL CaKe,0,0
29643130,wk-rw,0,0
29654010,ToFa,0,0
29661320,FLAME1STER,0,0
29664244,Merhaba,0,0
29665096,bn1117,0,0
29674637,DeiLau,0,0
29685612,Aritaaa,0,0
29687225,SUS999111,0,0
29687796,NemesisHani,0,0
29691761,uwumarcelka,0,0
29694777,Kolo__old_1,0,0
29707495,Lucasoulette2,0,0
29712292,Zayven1,0,0
29726815,bartolimii,0,0
29730161,OniWolf17,0,0
29734018,Walerii,0,0
29741152,yvel,0,0
29741213,hoangnhat01662,0,0
29743925,jayexe2452,0,0
29754475,chudd,0,0
29761577,rindou_,0,0
29765748,Galaxee7,0,0
29767563,Olen_1,0,0
29770725,Zhekanator3000,0,0
29784185,DreamToxic8,0,0
29788899,SatorisTaylor,0,0
29793189,BloodlessWolf,0,0
29796681,Eeyhtes240,0,0
29797006,Lexy_vermon,0,0
29797646,KaleLmao,0,0
29802789,kykarekma,0,0
29815008,Snake Fire,0,0
29817467,_aidenwyk_,0,0
29817738,unulx,0,0
29819337,slender_roblox,0,0
29820779,krissyyyyyyy,0,0
29825178,rjel1515,0,0
29827450,ln-mk,0,0
29832874,Co0rsy,0,0
29833996,meilkia,0,0
29863625,KawaiiPsychOwO,0,0
29865695,_Kirugin_,0,0
29876499,getthg,0,0
29883465,joaootavio,0,0
29887914,wuyuzheng10,0,0
29888188,molnya,0,0
29890262,nhatthanh2005,0,0
29906991,SerPlatinum,0,0
29910577,sakusamo,0,0
29919841,emely_y,0,0
29923550,Mustafagiller,0,0
29929732,Appletoast0428,0,0
29937130,neallcash_,0,0
29950569,FamilyBear,0,0
29962170,Ciupapi26,0,0
29962254,ilyiix,0,0
29964618,olchikponchik,0,0
29975095,Co_Cough,0,0
29975788,GINEZZIS,0,0
29988395,Yeo-reum Sun,0,0
29990628,Qw1nzzezz,0,0
30001560,maxpro228_old_1,0,0
30003697,Thedargonsalyer,0,0
30012538,Vendigoo,0,0
30015345,wob,0,0
30022562,VLADOS1158,0,0
30027434,SaIn_288,0,0
30036951,ryzhn,0,0
30038293,apisdabol,0,0
30039673,Uegpd,0,0
30057622,caycii,0,0
30058693,stew565,0,0
30072402,jimmy160597,0,0
30088801,RyuZzzzz,0,0
30093154,AbottleOfJuice,0,0
30095025,nemunemunyanko,0,0
30096862,Osu_kaeki_kun,0,0
30108797,BobaIcedTea,0,0
30113448,ArGoFrAd,0,0
30125476,ADAMAZMAN,0,0
30137209,Kristyjunior,0,0
30142775,leesengwei,0,0
30144323,daddyunknown,0,0
30147853,ronnachid123,0,0
30158045,nots0ul,0,0
30161087,Itoshi_,0,0
30164896,h1raymi,0,0
30165524,akaJesse,0,0
30166983,SparkyLazz,0,0
30169159,Jayus69,0,0
30184811,kankalar1702,0,0
30193408,Zytroph,0,0
30199298,pyrolusite,0,0
30201406,Natsufnr,0,0
30209704,Egg Yolk,0,0
30210757,IMGRASKIMATE,0,0
30222241,sirosaba,0,0
30223169,jyusasda,0,0
30225567,Jokerr_,0,0
30227474,Pandaro64,0,0
30248831,otakintopkkkk,0,0
30253520,GGlol_cheburek,0,0
30254866,lalisa12,0,0
30271598,siroppu,0,0
30272823,RAMXNY,0,0
30285934,killuasimp2010,0,0
30295168,jamie1116,0,0
30295416,grey_gamer,0,0
30297872,crossfa1th,0,0
30300631,SpeedDemon_,0,0
30302847,Meo Shiyuki,0,0
30307828,ruan1324,0,0
30313816,Acerf1e,0,0
30319338,kokszi,0,0
30327083,MiniSupra_BPU12,0,0
30340632,Apo5,0,0
30345469,Kingu106,0,0
30348074,rest78,0,0
30351270,glordxg,0,0
30359533,nerifelps,0,0
30367149,Brdeeen,0,0
30369551,A-ASD,0,0
30372770,tdecho,0,0
30385456,SIESTAMI,0,0
30385548,LinuxD3,0,0
30385888,MeuNome,0,0
30404204,listickafddd,0,0
30405252,kilasdor,0,0
30406602,xvinei,0,0
30407602,i love mui,0,0
30409218,Psibladeson,0,0
30417799,Badump,0,0
30436932,zeraxi,0,0
30437798,Criper18,0,0
30446299,Makskas9,0,0
30449564,MamRox,0,0
30452183,Hamsterman26,0,0
30458833,NoobKeksTV,0,0
30461970,GamerVictor710,0,0
30463709,FrayzL,0,0
30464179,tweeks_mms,0,0
30472357,hamichan,0,0
30483024,ItsRhythmTime,0,0
30487415,Mishabee,0,0
30490572,Ch1zuruIch1nose,0,0
30491335,chrizXD,0,0
30493777,MOTIVATOR,0,0
30499152,PONTDID,0,0
30529419,aSin,0,0
30532331,Joelsan,0,0
30537247,mwlika,0,0
30540120,dktt,0,0
30549426,Sol2468,0,0
30553686,Vakiaaa_,0,0
30560346,HEKIRRRR,0,0
30583709,Davkatemka,0,0
30585027,Ronannon,0,0
30597417,star7all,0,0
30597547,justrebbe,0,0
30601579,callmekaul,0,0
30610175,Prox1ty,0,0
30610366,BYDangelo,0,0
30612938,Resys,0,0
30620563,Ba_nqn,0,0
30627888,StraightNewWork,0,0
30631579,ARCGames,0,0
30636828,KazinZNT,0,0
30637536,azkma,0,0
30640478,misora0910,0,0
30640748,Owari No Seraph,0,0
30643853,kakaxa183838371,0,0
30645766,yuee_,0,0
30651268,JuiceBO_ox,0,0
30662277,JellyIsCool_old_2,0,0
30668711,Ahmetyaman04,0,0
30671983,KingChess2,0,0
30677011,Takahiko,0,0
30680838,lor_698,0,0
30686926,awyn0628,0,0
30686932,AngelGabUwU,0,0
30689001,Salzboi,0,0
30692125,Uzee_009,0,0
30694257,bo0n,0,0
30703474,ourcheri,0,0
30703975,ImJustThatGood,0,0
30711817,A Caridea,0,0
30722899,HmKcH07,0,0
30723004,'-_Trat1l_-,0,0
30730705,exrrqx,0,0
30730883,frenchlord,0,0
30734983,CoPNeF,0,0
30735101,Mikoyip,0,0
30739206,ZunNiHuoJia,0,0
30748989,bunrealcool99,0,0
30751940,Space7413,0,0
30764180,TANJIRO0017F,0,0
30768880,eliii,0,0
30774371,TianCami,0,0
30783946,RhomboJombo,0,0
30793502,AruinP,0,0
30797755,Zavar_DA,0,0
30802565,ms_anet,0,0
30808262,RayzKool,0,0
30809786,loganiese,0,0
30821815,M00p,0,0
30833084,Lunetale,0,0
30834873,zurguik,0,0
30836396,PandaTeriyaki,0,0
30838291,Just_humannn,0,0
30844575,ZTR_SUBARU,0,0
30847509,crackitycranker,0,0
30857037,AkiraTouji,0,0
30860145,EliIsEnraged,0,0
30866822,bingchilling02,0,0
30887967,Jep0040,0,0
30897657,babiKn1f3,0,0
30900703,LiLiuQAQ,0,0
30903408,Pombory,0,0
30904221,pyro2,0,0
30912342,markianio,0,0
30913231,Murisami,0,0
30915193,icetraytay,0,0
30917834,Kiefdough,0,0
30918639,Hange0728,0,0
30924000,Bot_Jose,0,0
30924769,maekald,0,0
30927858,KoolGamerC,0,0
30937400,muso_jp,0,0
30946815,Delarmiq,0,0
30949064,Vibe01,0,0
30955963,CrossXtale,0,0
30957453,imoimodesu,0,0
30968879,deddddd,0,0
30975769,Jar18052021,0,0
30979291,"000cherryblosm",0,0
30982792,koonnnn,0,0
30993457,kota0325,0,0
30999275,artik_,0,0
31001236,Umbrellalol,0,0
31004960,Hildo,0,0
31007816,Maxwellka_old,0,0
31011152,Mini stark,0,0
31011861,MangoLemon,0,0
31035102,S6uta_,0,0
31037771,Gamermuden12,0,0
31043152,cecha_nico,0,0
31045647,aluptong,0,0
31049732,"6RimuruTempest9",0,0
31049955,qierax_xiso,0,0
31050364,re4n,0,0
31056116,Enderblossom,0,0
31060764,destroer1313,0,0
31064959,just a legend,0,0
31065730,Huuynh,0,0
31066930,mahiro22,0,0
31076049,slkrz,0,0
31078181,eIixir,0,0
31079272,ngohaidang2889,0,0
31079559,Gamer_lifes,0,0
31094045,MiamotoKaito,0,0
31105097,zLukowze,0,0
31140641,Piurrtrew2,0,0
31154808,Genboo74,0,0
31164592,keg,0,0
31165428,Khamin_old_1,0,0
31167659,yeartylle,0,0
31169051,Wzhu86,0,0
31176545,Abcolute_887,0,0
31177216,Klim1563,0,0
31179881,cysa,0,0
31180539,JesterNoTricks,0,0
31183672,Fernandoms7,0,0
31189604,Maru_4713,0,0
31189819,Vhex121,0,0
31190033,Takumi_vq,0,0
31193509,inser_old_3,0,0
31196339,Cupcakes4Sale,0,0
31198629,marineko0301,0,0
31209124,serde,0,0
31212038,Akatuki_381r,0,0
31220134,zxcnn123,0,0
31222298,CarlitosMecanic,0,0
31229675,saen498,0,0
31231292,riz3hage,0,0
31235363,smiker,0,0
31237413,Keknny,0,0
31240550,hatibaligi,0,0
31242875,isaacar,0,0
31246521,TorqueJr,0,0
31263105,MattyIG7,0,0
31267155,qwqw1111,0,0
31275224,Senpaiitsuka,0,0
31279893,Eriqon,0,0
31282884,MIGGSOG,0,0
31296092,Indz,0,0
31297224,nilkillers,0,0
31301430,"0Akio0",0,0
31303737,Fistomanix,0,0
31305129,BJKumar,0,0
31306344,Blerg,0,0
31311158,kvest1,0,0
31313265,pyrok69,0,0
31316757,Faelin Dingen,0,0
31333395,pokebrint,0,0
31338679,Tyga0,0,0
31351311,EvanFang,0,0
31352739,AwA104,0,0
31358287,Its_Moss,0,0
31360209,xenooyi,0,0
31364778,CHOCOCHII,0,0
31371930,omerberkdurdu,0,0
31373330,Polikor,0,0
31377236,big_beast_old,0,0
31381351,"0192837465",0,0
31385321,senpai_13xd,0,0
31385791,KairosQ,0,0
31387976,softtv0,0,0
31388764,xhzss,0,0
31391286,dog130cat130,0,0
31391732,tamosu1234,0,0
31404743,brokadil,0,0
31409565,bolotnny,0,0
31412833,KiriMin,0,0
31418076,Halzerd,0,0
31423840,"07KingBB",0,0
31426399,Unlinked3148,0,0
31437419,shukonomi,0,0
31439847,aliskaaaaa,0,0
31441422,KuriCat,0,0
31442477,Megalos017,0,0
31443932,HYPERION2007,0,0
31444006,Mario_1xp,0,0
31446224,CreamyIsBack,0,0
31446338,erewhana,0,0
31453980,Lukoniko,0,0
31459039,ArchieOsu,0,0
31462302,strykereureka,0,0
31463855,GeyGrib,0,0
31467043,teperi666,0,0
31474046,kwank_old,0,0
31487696,Elrid,0,0
31488013,ReyZid,0,0
31490985,TOUKAA_,0,0
31491145,koqrider,0,0
31494457,xlimeprox,0,0
31495515,Klebzz,0,0
31495889,Snowy_Shogun,0,0
31500244,milvarebleu,0,0
31503300,DaddyDefqon,0,0
31508600,DeusCarnivoro,0,0
31510154,yGhxstz,0,0
31513678,Montyxes_Z,0,0
31514360,"12233ya",0,0
31515666,Gildwenax,0,0
31546858,maxiquiosco,0,0
31551738,Rinmiolc,0,0
31555850,Riquiel,0,0
31556368,lisaimai,0,0
31557152,NeoKiller,0,0
31640088,Milly_1,0,0
31641566,SneyK_hehe,0,0
31647696,Uemura,0,0
31654195,jessikainha,0,0
31660792,BarnabusWizard,0,0
31661900,elsargento117,0,0
31663385,kiyanchloe,0,0
31668279,whatanizhak,0,0
31668725,EasyLike,0,0
31669302,Dm8nd,0,0
31686928,KLLOP,0,0
31690872,CxAimme2,0,0
31700270,bublick29o,0,0
31704898,shivverish,0,0
31708462,isidro1k,0,0
31714659,besheniu perdyn,0,0
31717211,Robot Word,0,0
31721462,Defected_,0,0
31724443,LubeLuvr,0,0
31730101,KiritoHashirama,0,0
31738891,hoofed,0,0
31741993,AMG_1,0,0
31743189,TEXXXXXX,0,0
31744963,JakenaW,0,0
31754138,Paraboco,0,0
31757940,Hekal18,0,0
31759862,paddisheep_old,0,0
31762583,Aerynss,0,0
31772069,WormCook1e,0,0
31791079,qzvoid,0,0
31793799,Wailtron02,0,0
31795988,Deoxmere,0,0
31799013,purpur_gay,0,0
31800299,TomBit,0,0
31805044,karma suzya,0,0
31818131,shuai bi,0,0
31820272,ALFATHETIS,0,0
31824006,NekoKitty,0,0
31827530,anjerooo,0,0
31833123,yuyathebest123,0,0
31870548,Hikaries,0,0
31877110,killersoldin10,0,0
31884786,SumatoNingen,0,0
31885693,FnCopyright,0,0
31889272,CWZ_Morro,0,0
31894737,Bean_124,0,0
31897972,Zachary_Shen,0,0
31906673,niyog3,0,0
31908085,whyavrora,0,0
31912296,z4h33r,0,0
31915230,ReinZwang,0,0
31918697,FADEDKHSGDU,0,0
31921647,Bananavillain,0,0
31923303,desolateRaze,0,0
31923907,DefMeph,0,0
31924073,KamileqxDD,0,0
31924637,Sashker,0,0
31937500,ketarly,0,0
31959993,Scream92111,0,0
31971113,canxioon,0,0
31971427,Chinfuna,0,0
31975990,phonexd,0,0
31976056,MeteorTim666,0,0
31980865,'-Goat-,0,0
31985015,Albxh,0,0
31995090,vadimPeyn,0,0
31999623,OAS_Echo,0,0
32003681,piska_rulit,0,0
32006814,loony_47,0,0
32011314,ilky,0,0
32011746,eaveplane,0,0
32014390,KomaRick,0,0
32024205,normandfdf,0,0
32027846,SASHIMIBALL,0,0
32032670,alpatak04,0,0
32036463,Silentcium,0,0
32036707,frozensoup,0,0
32044755,jowidododo,0,0
32045977,qwvwmeo,0,0
32050259,cum_shotefe,0,0
32053138,Frak4er,0,0
32056020,ZwghostXX,0,0
32057424,Toastis,0,0
32060775,ZuXro,0,0
32060783,MochaNyochu,0,0
32069955,Melina0987,0,0
32073744,"7alim_",0,0
32091043,Bastou83,0,0
32091392,LEOPARDO_old_4,0,0
32092020,Chevre_old_4,0,0
32096046,poco_s2,0,0
32101307,fabienne14,0,0
32106662,kyleyune,0,0
32108223,HadesCrown666,0,0
32112915,YeetName24,0,0
32115232,Luanvit0212,0,0
32133416,Leeko4,0,0
32134018,mozez123,0,0
32135355,AmethystXx,0,0
32136334,edin2747,0,0
32139049,Thinh267,0,0
32150881,bvIxk,0,0
32157875,kurumi24_old_1,0,0
32162569,owoowo,0,0
32164465,ORESHI SUDASHI,0,0
32168343,Big_smouk228,0,0
32170987,sami spar,0,0
32175925,RINMOTO,0,0
32183821,kokomiw,0,0
32183825,DenRLH9912,0,0
32187734,Shablau59,0,0
32192322,lollolcheese123,0,0
32205629,jezexbe,0,0
32206863,izumi5776,0,0
32207945,egotripp1n,0,0
32221275,jerry4lunch,0,0
32221491,farish5179,0,0
32228466,skelpdd,0,0
32239570,akanashi9432,0,0
32243436,Cansado_Triste,0,0
32244605,bloomxo,0,0
32244947,foklir,0,0
32260951,dencik22,0,0
32270051,Eleddies,0,0
32271832,heshouwuao,0,0
32281088,Silane,0,0
32281644,Fulcrum come in,0,0
32286904,Fanatsyk11,0,0
32289692,Prodigy Godd,0,0
32291228,_ngai,0,0
32296244,'-script,0,0
32309565,Nextoviy,0,0
32319791,Novalivz,0,0
32320089,theflosser55,0,0
32322729,senpainoticem,0,0
32322777,kuggry,0,0
32323267,Hoshino5656kiss,0,0
32324320,Mr_Chaves,0,0
32330489,OnlyHaris,0,0
32331427,hilfizxc,0,0
32337848,RedShi,0,0
32345194,S7 Akali,0,0
32348048,HeyoItsAito,0,0
32353776,haydenjames,0,0
32354274,Crimini,0,0
32354820,xX-Neo-Xx,0,0
32355291,gonzlzz,0,0
32356144,nichtgoldpengui,0,0
32357120,Luckyleaf024,0,0
32359644,LuyXone,0,0
32362739,rinlar,0,0
32364020,FCraven,0,0
32372368,Feystarr,0,0
32374805,xylylyl,0,0
32374948,JaydeeDelirous,0,0
32381882,Lycorisauraisin,0,0
32382962,Tiky_A_noob,0,0
32384096,ancsi,0,0
32397162,grievings,0,0
32402550,hefris,0,0
32405360,V1olet_,0,0
32406370,monkeypersonkkk,0,0
32410074,Yunhy,0,0
32410836,"1234t",0,0
32418678,johnwong69,0,0
32424288,mira300czsk,0,0
32427447,vovasumrik,0,0
32428219,Miilvaxc,0,0
32428840,ilikewalls,0,0
32430909,SegaGuyED,0,0
32444067,Greyyson,0,0
32444549,weluvlama,0,0
32444957,zooep,0,0
32453452,coldswave,0,0
32461133,Lord Deku,0,0
32462628,SatuKASSE,0,0
32474558,VMLife,0,0
32474867,"1nonlyrave",0,0
32476700,Qwentul,0,0
32479562,Final_Kreation,0,0
32479973,dabnneXD,0,0
32487028,Dodge_HCG,0,0
32489394,Laniedhauw,0,0
32497538,ashurooooov,0,0
32497849,kkkfd34,0,0
32498664,No13Huy,0,0
32503020,KOTLETAFK,0,0
32511966,Stormomen7700,0,0
32515175,"07_04_02",0,0
32522338,Mouce22177,0,0
32529642,TwilightSouls,0,0
32532633,huyloky123,0,0
32541868,yukimr4,0,0
32543342,sn011ice,0,0
32545228,ItsNat1,0,0
32547747,Nazunaa_old_2,0,0
32551824,zero sti,0,0
32554966,pinpipin,0,0
32556786,travfr,0,0
32559840,emilianititito,0,0
32563324,higzonb,0,0
32577305,Xenomorph01,0,0
32577763,Alchan,0,0
32581582,Drameko,0,0
32594274,kinechancum,0,0
32597810,adeptusss,0,0
32597851,Null019,0,0
32600585,sweetie029,0,0
32611927,wydntmd,0,0
32627021,MrPixel,0,0
32632413,Hatsuyas,0,0
32635222,Sasha-09,0,0
32643768,MCpurple2,0,0
32646328,SaintCynic,0,0
32659813,Sophiely,0,0
32664181,Mihalakick,0,0
32667240,scaglia,0,0
32669761,Ka1SeNo_O,0,0
32671240,Danya228228,0,0
32678236,yiu11198,0,0
32679524,Dhruv parab,0,0
32679528,HardeQ,0,0
32686263,spraxxx,0,0
32707206,vergiiin,0,0
32716653,Grinsby101,0,0
32721754,Schwifty336,0,0
32723863,Opixsy,0,0
32728504,Monke San,0,0
32730387,Cyllfy,0,0
32736143,"1_60zl",0,0
32740454,Wakosann,0,0
32740615,Gwce,0,0
32740764,kyokasuigetsu_old_4,0,0
32741743,exortwexquas,0,0
32754514,argentite,0,0
32758357,el_psy_Kongrooo,0,0
32763752,Lalissaaa,0,0
32768546,bookgorepiece,0,0
32774346,herowxde,0,0
32780303,otumm,0,0
32780454,parindigo,0,0
32786097,AnxiaTea,0,0
32789696,Rycks,0,0
32792376,k3ywheee,0,0
32794510,PolosatikII,0,0
32803918,Aura Clever,0,0
32807588,pofuteli,0,0
32811144,donkeygod,0,0
32815143,Steve37,0,0
32823100,Mintipede,0,0
32825626,dont care_old_4,0,0
32829233,cubeorific,0,0
32829354,MahuraMura,0,0
32831799,Dresan,0,0
32838854,PrivyPriv,0,0
32862300,Zeacrobat,0,0
32863130,wasdBruno,0,0
32866287,YaSo04,0,0
32869015,sharmaineeeee,0,0
32873777,TuckerDaTub,0,0
32885970,o_cheba,0,0
32890240,xxreyhq1,0,0
32896844,Swordeur,0,0
32921890,Guil_diA,0,0
32922409,morkovkaaaa,0,0
32926541,vika_paranoia,0,0
32930404,cuttlefish124,0,0
32941502,yuzu_0116,0,0
32942773,Frytek09,0,0
32942814,geo2010,0,0
32943274,YOUTG,0,0
32963516,Duzzt1n,0,0
32964744,ImDominik2504,0,0
32965827,Starsiak007,0,0
32969717,rtutia,0,0
32970745,reqqu,0,0
32991563,capuch0n,0,0
32997685,quekfy,0,0
32998744,GoshancheGG,0,0
33003298,Volder1919,0,0
33008595,guracororo,0,0
33011109,Dudosa,0,0
33014934,mlkim1,0,0
33025463,tsuki_rip,0,0
33031551,astros455,0,0
33035471,jackjack6969,0,0
33037855,Vaccym,0,0
33040817,nanawiuwiu,0,0
33040854,Omahvick,0,0
33041919,KikiYuo,0,0
33043640,Liiibedo,0,0
33050875,fgubnc,0,0
33061316,AiuUwu_,0,0
33068785,TheBluePython,0,0
33070033,LOL_FRIES,0,0
33073431,lapa2900,0,0
33083216,deadinsiderat,0,0
33083308,hnam1304,0,0
33084879,serowist,0,0
33085599,melodyoow,0,0
33085792,QWASik_old_2,0,0
33090341,oramaru,0,0
33091132,machodayo,0,0
33092331,Mutrilu,0,0
33095153,OOmegax3,0,0
33099995,Toila1ricon,0,0
33103871,lamspeed,0,0
33115165,TrockenWasser,0,0
33121493,ShyYana,0,0
33122274,empresskirumi,0,0
33122564,jim09101,0,0
33125501,PoisPasChiche,0,0
33129712,fumi2273,0,0
33136066,Jokemaster3000,0,0
33149130,"11drowsyy",0,0
33149869,osuxuinya,0,0
33152792,SopyyDesu,0,0
33170375,vlatou,0,0
33175760,Gay60,0,0
33176882,PL3B69,0,0
33176886,Katczypickles,0,0
33185530,mokuinfinity,0,0
33197600,Kreis_UA,0,0
33205730,PdhOsu,0,0
33213475,melody_9193,0,0
33213522,nihonV,0,0
33214923,SunFlower_154,0,0
33216653,ossu47,0,0
33223160,"02SimoN02",0,0
33223380,floryn2007x7,0,0
33228783,asyrfmzln,0,0
33243706,breth0505,0,0
33244765,FRAGM3NT,0,0
33257269,idknow_old_3,0,0
33261398,devixed45,0,0
33265118,Aliguss,0,0
33267293,Raccooshka,0,0
33267502,mrthesheepy,0,0
33271633,silverysoul,0,0
33279827,NoEnemies_old,0,0
33291913,ling1202,0,0
33293392,Nilysan2,0,0
33293552,NAITHANSMOTHER,0,0
33299386,Charamoon,0,0
33302110,Hiilikesleep,0,0
33304032,bingqilling121,0,0
33308662,tomatesaucce,0,0
33309777,Karatsume,0,0
33318227,CREATINE DEMON,0,0
33325096,lcocoplum,0,0
33336245,tazerfuturo,0,0
33337076,pfeefer,0,0
33337816,cau7mau,0,0
33342803,ll_oxa_ll,0,0
33345929,ranseidebu,0,0
33347859,K0tsA,0,0
33352211,Camel_64,0,0
33355108,S3Xx,0,0
33355422,haihuozhe,0,0
33356545,Retrayte,0,0
33360055,RomainLePain,0,0
33375422,Jin_moonlight,0,0
33380709,DaiX_old_4,0,0
33388526,sdderrt101010,0,0
33390531,pipidaster2228,0,0
33390574,Alanss,0,0
33393393,VangerCat_YT,0,0
33395915,den4k1205,0,0
33414494,Ritsu Taynaka,0,0
33416585,Marnezoriginal,0,0
33420360,Coto231,0,0
33423096,abs0lute421,0,0
33424107,nekocaku,0,0
33429285,yakizura,0,0
33429399,DarkSoleil,0,0
33431750,Kinda_Kid,0,0
33432816,MindTrickx,0,0
33434253,"99percent",0,0
33437010,YUMIHIRI,0,0
33437314,"9mnxx",0,0
33437897,roshekq,0,0
33441972,Eugene100500,0,0
33443622,jamie1243,0,0
33443751,digitalfox,0,0
33446889,osamugawamayuko,0,0
33455025,kappaisgot,0,0
33461764,skyraze,0,0
33462810,namanh07,0,0
33463694,Samotna,0,0
33476813,VoidCC,0,0
33500444,niuicoo,0,0
33501503,K3gqrX,0,0
33511972,_Grib_,0,0
33514775,Bruhmomentm,0,0
33515715,Elaina5019,0,0
33521956,Hydra_Sirius,0,0
33530806,squeaaa,0,0
33540836,_AMEE,0,0
33544839,leozon22,0,0
33545834,Progan100,0,0
33547525,maner123,0,0
33548597,BuilderVice,0,0
33552429,lookz666,0,0
33563023,pattyisgood,0,0
33563168,touya0301,0,0
33564702,Ellahreyli,0,0
33569038,A-Tray,0,0
33572461,bouxyt,0,0
33576936,Cap47,0,0
33580651,ItsDEhr,0,0
33583153,sk555,0,0
33585746,sirloin_old_3,0,0
33591809,Gugata11,0,0
33591961,Kirill115500,0,0
33592660,gamepod,0,0
33594949,wjw20050611,0,0
33595941,tethu,0,0
33600034,pivo880555,0,0
33601833,Rubix1_,0,0
33603176,hizuru,0,0
33605253,"217115",0,0
33614629,AboBa_GT,0,0
33614773,notlikeamz,0,0
33615487,duank,0,0
33616268,Lasercat3469,0,0
33620391,KoTuK_v_TaNkE,0,0
33622353,anwir_win,0,0
33627873,Narbe_r,0,0
33628944,play_skill0,0,0
33637348,Urubu Do Pix4k,0,0
33647608,srbecalsin,0,0
33652848,un_ta,0,0
33654916,SXarile,0,0
33657237,yusamada,0,0
33660355,pedrosolindo,0,0
33666213,Ruki0666,0,0
33668602,druppersandr,0,0
33672764,calypso4u,0,0
33678041,beluc,0,0
33681854,vin1111111,0,0
33689480,Michail1143,0,0
33690112,Sadsa9060,0,0
33696450,pupuri,0,0
33705294,Cheezling,0,0
33707385,Rejective,0,0
33712380,Cyruzz,0,0
33712846,BlackShot,0,0
33717037,miaouiwi,0,0
33728844,Sauron,0,0
33730937,asakinhe,0,0
33731387,YURICCO,0,0
33734408,dreamed,0,0
33735216,qwrrix,0,0
33737710,capibara_04,0,0
33738534,mhl,0,0
33740902,kaazuuhaa,0,0
33744160,VMercy,0,0
33749212,Dimonhick24,0,0
33749906,williamosu6383,0,0
33752453,Akuma17_old_1,0,0
33758339,Mayuzuu,0,0
33761505,ExzyM,0,0
33761562,sosiskaHDD,0,0
33763336,"7elem",0,0
33765654,goku567,0,0
33767394,Winwin_nikki_23,0,0
33771241,BigNatty9898,0,0
33774370,VicTret,0,0
33776260,amanekuma,0,0
33783857,ruslanus,0,0
33785377,"0RiasGremory0",0,0
33786014,kazsaw,0,0
33796958,Dgamer3000,0,0
33800895,feiman,0,0
33818865,Mojang10,0,0
33826253,Doxieh,0,0
33833624,kobetheus,0,0
33835816,RAM_1004,0,0
33835898,shoko_real,0,0
33840437,zemplier,0,0
33843103,milktea,0,0
33850087,linbert,0,0
33853419,The24thknight,0,0
33862476,Stockyy,0,0
33868576,EGGJJJJJ,0,0
33869031,capsulecomb8158,0,0
33869192,kazi3162,0,0
33870029,noopySnow,0,0
33878901,xoxosam,0,0
33884476,emoskype,0,0
33887631,jinzhi123,0,0
33889913,TheSaintedCurse,0,0
33893834,KaiseR7,0,0
33898222,Danahlikesbread,0,0
33899749,johnthedilf,0,0
33901678,luffy321,0,0
33903732,Nawalg4mes,0,0
33905907,TheLoneBanana0,0,0
33911281,XelaUwU001,0,0
33917644,YizusFurry,0,0
33917724,"1611316424",0,0
33926600,miank,0,0
33926827,TAREK-KUN,0,0
33931236,Visionnnnn,0,0
33933173,kbtzshi,0,0
33933174,Shikumaze,0,0
33933493,papa getta,0,0
33935989,miwa tanaka,0,0
33937037,Friskinho,0,0
33942016,Roovez,0,0
33946396,osusi0322,0,0
33948238,noks_ss,0,0
33948625,BaianoDutra,0,0
33951672,VeryXiao,0,0
33954642,darleyy,0,0
33961718,NUGGETZILLA2,0,0
33961964,Valen2010,0,0
33968543,Kwertz,0,0
33970256,passion98,0,0
33970358,Jatz_x_,0,0
33971908,Souloutan,0,0
33972240,KarlCoolIts,0,0
33973613,noodlezip,0,0
33973879,himynameishello_old,0,0
33974473,Saiyah,0,0
33983106,MEMIX,0,0
33985129,Ice4ever,0,0
33985887,Raizor_01,0,0
33993175,Avery_L1v3,0,0
33993211,Arashi_38,0,0
33997818,asdfdfqwedts,0,0
34006852,Agws,0,0
34008843,pikaqiu,0,0
34015518,Appi007,0,0
34018796,BunnyInaSUIT,0,0
34020413,Vvenxy,0,0
34026945,brapstu,0,0
34028180,"300km",0,0
34036105,AlixPRO,0,0
34040361,yPotato_PvPkk,0,0
34042412,yuhqd,0,0
34042779,guts_himself,0,0
34049165,masyo,0,0
34051623,relaxx249,0,0
34061171,legoshi-furry,0,0
34061438,nami tongs,0,0
34067377,princess980603,0,0
34069799,S7VEN_BUGGY,0,0
34073574,Clumpil,0,0
34084371,bbeluchan,0,0
34085445,H4NISHIRO,0,0
34099078,eden-whale27,0,0
34107071,kavadir,0,0
34112341,NightKIng127,0,0
34113509,zxcdelyxee,0,0
34114374,Kyoche,0,0
34121782,chuchundre,0,0
34126071,KoKiSer,0,0
34128629,MAT0R,0,0
34131340,Khanhlanh14,0,0
34136311,StrexxX,0,0
34138887,kakashka223,0,0
34138991,zuolin,0,0
34143873,ikonk40dark,0,0
34148658,SilentBomber,0,0
34150590,HSYH,0,0
34151662,FamineFami,0,0
34154163,SkidaAmy,0,0
34159468,NefeliLee,0,0
34161520,Azzynho,0,0
34164075,Stinkychz,0,0
34166802,zzh128199zzh,0,0
34169653,Naucht,0,0
34172892,nagi_sejiro,0,0
34172955,GhostC_,0,0
34184684,VicJake,0,0
34185398,yuki2042,0,0
34190787,KanekiKenUnra,0,0
34195053,anttoni_79,0,0
34202398,PoratoBlasta,0,0
34207288,PateteRst,0,0
34211926,AzyaSenpai,0,0
34219215,smvexhe,0,0
34220215,osuplayer8511,0,0
34223492,shamalow31,0,0
34229570,atamaatama,0,0
34240926,rio amei,0,0
34243681,gang777880,0,0
34243794,who_ask,0,0
34244125,kikiii_old_5,0,0
34246539,Potpanda,0,0
34248498,Dzikijunior,0,0
34249689,Jadez69,0,0
34249714,Jusungi,0,0
34257166,AlbionJ3,0,0
34257440,SpoonYT,0,0
34262958,elliot22,0,0
34267523,johancer26,0,0
34269113,AlphaBruh2048,0,0
34269658,ArkusMagister,0,0
34271181,Aipon3150,0,0
34276014,LoloReii,0,0
34284659,BlanketSniffer,0,0
34286188,JWLAZER,0,0
34287305,k1ementcam,0,0
34293938,melonpannatyan,0,0
34295085,ZnorlaxDark,0,0
34300255,mazorca07,0,0
34300391,briant303,0,0
34305561,vaniii,0,0
34306973,yyds5000,0,0
34307033,EmisVal,0,0
34311635,Bingus225,0,0
34311805,latalan07,0,0
34316958,Kitsune_Fox_,0,0
34318308,SuYuanWILL,0,0
34322874,bountytaker,0,0
34324898,endlesspeanuts,0,0
34326460,Coreiatsu,0,0
34331389,Tomk_gong,0,0
34333318,rufusseason,0,0
34336283,FiIThRN,0,0
34341982,HEccc,0,0
34344889,FaNeUwU,0,0
34346093,yxurlxve,0,0
34347620,Duckduckbish,0,0
34351069,positival_,0,0
34351723,rarabai,0,0
34366871,erectbbc,0,0
34367024,NotBOBUfr,0,0
34367827,"93Bxnjj",0,0
34373953,DylanAlexander,0,0
34386010,n0_0nu,0,0
34394920,NAHIDAFANBOY,0,0
34395005,Weng Chieh,0,0
34400369,Zephyr5177,0,0
34401852,KrazyBTW,0,0
34403634,Aocchi8282,0,0
34406142,x7Jason,0,0
34407174,Creativity_Cor,0,0
34407578,OniRicku,0,0
34407756,dench1cs,0,0
34409707,KazuyaRito,0,0
34411098,SilverBullet1,0,0
34413305,cooky1105,0,0
34422968,Knocked,0,0
34424679,Dasya,0,0
34426169,MafiaMarc,0,0
34426212,Harua1020,0,0
34443054,Vortes,0,0
34444467,amama,0,0
34445345,Geros_old_4,0,0
34445550,PELMESHKA123_old_3,0,0
34450938,SOUR_L3MON,0,0
34451315,leyae,0,0
34454762,hozaika,0,0
34455239,Dumpling2499,0,0
34456403,iMaxx,0,0
34457704,Theyknowmoose,0,0
34460088,qthangdzvcl,0,0
34462535,unrayed,0,0
34466055,fartyparty747,0,0
34472942,twisted thicket,0,0
34473595,Ayfragmier,0,0
34477135,jaynight,0,0
34477534,deaddr3ammm,0,0
34480095,nyanyanya_old_5,0,0
34483418,Mr_DINO19,0,0
34492315,hook46,0,0
34494544,Mari0no1,0,0
34509975,Yoken,0,0
34513129,BumAlyssa,0,0
34514585,jnop,0,0
34516232,twiback7,0,0
34517108,isision,0,0
34522430,GoldenbareGT,0,0
34524849,chmckng,0,0
34531402,kuworry,0,0
34532493,RipHunter,0,0
34536511,NaiKui,0,0
34536966,Artix235,0,0
34540851,furuta52,0,0
34543505,LukStarXx,0,0
34550746,StalinisJoJo,0,0
34552165,Tamikura_San,0,0
34555022,Jyoumae,0,0
34557791,un33toppable_,0,0
34561160,bwqlz,0,0
34567791,ShadowRPG95,0,0
34580468,artur25567,0,0
34580611,rei_Zero,0,0
34581264,alexseiasds,0,0
34584971,foxo21,0,0
34588764,yourmom333,0,0
34590300,kathchan,0,0
34593686,_BE3DAR_,0,0
34599553,Magic826w,0,0
34603629,king_artem,0,0
34611571,r3To,0,0
34613224,StianIan,0,0
34614182,solaceeee,0,0
34615051,OddTigerTank,0,0
34617165,Betrayal1337,0,0
34627844,FloZev,0,0
34628308,NekroCL,0,0
34634376,slaperrrka,0,0
34634563,Nikelasias,0,0
34637960,ChefSiamang,0,0
34638288,Be4Ho_CoHHblu,0,0
34639771,Caxap1ok,0,0
34646653,isabelleslaya,0,0
34647064,WhellyeahhW,0,0
34650335,pinotina,0,0
34650662,junoisverygoofy,0,0
34650713,paranoiagent,0,0
34653598,korea12m,0,0
34666273,Phoenix_65,0,0
34666903,taodu,0,0
34668034,ezezezezezezz,0,0
34674901,fackman,0,0
34676056,callame_owo,0,0
34680000,P4TR1KCZE,0,0
34689716,ELYARAH,0,0
34691105,howl lvl,0,0
34693629,realyuuza,0,0
34693820,skeet,0,0
34697255,Dank1004,0,0
34705338,Snowwed,0,0
34705439,mochizuki14,0,0
34706327,khatran12,0,0
34718491,TulipTipTip,0,0
34719003,brow0ks1,0,0
34721736,NextYeezy,0,0
34722507,ZEUSML,0,0
34725433,Dxrka,0,0
34725668,mai-star,0,0
34729491,elpanabandu,0,0
34734500,MoyHozain,0,0
34740410,Khron0_96,0,0
34742279,yourhairloss,0,0
34747381,bimosu123,0,0
34751185,CTEHA,0,0
34752467,Tri253,0,0
34754478,cheseburgur,0,0
34757537,Minerva_Y,0,0
34760843,"0817340710710",0,0
34774302,s1zeRRx,0,0
34776204,PhantomC261,0,0
34776421,JJBawls,0,0
34779088,pelitmincev,0,0
34783250,manerodawd,0,0
34785252,MarcelKite,0,0
34788265,AlessDRi,0,0
34792987,Rei-ken,0,0
34793287,Lucid Dreams,0,0
34793955,ConRad_hi,0,0
34804291,ktsun3,0,0
34804964,TwoquickNT,0,0
34806392,brozorb,0,0
34810197,Cellinia7exas,0,0
34811206,furina_228,0,0
34811533,lionyka,0,0
34811837,erikgamer567,0,0
34815786,callmenoone,0,0
34825796,Ily_gl,0,0
34825953,Artyczsk,0,0
34827679,oDelTa,0,0
34828843,Gluten,0,0
34829727,Cromatico,0,0
34831630,ZoiSykes,0,0
34840804,subfi,0,0
34841025,serpent777,0,0
34842510,chnyzheng,0,0
34844411,NUGGET PROWESS,0,0
34846297,kurlukeii,0,0
34850804,wishaj,0,0
34853019,kavii07,0,0
34854322,Trolololow22812,0,0
34854606,Unicornman900,0,0
34868837,My Angel Eben,0,0
34874747,oceansek,0,0
34876043,XERKS,0,0
34880432,zushio,0,0
34888042,izanami,0,0
34895679,moblade,0,0
34902637,nothinghere456,0,0
34902686,glijas,0,0
34909293,HoleehMolee,0,0
34916903,kaelthalee,0,0
34918455,leo228282,0,0
34918994,glqpglqp,0,0
34921195,IAMD4M1XX,0,0
34922317,shakoys,0,0
34926904,Futashy,0,0
34930406,fujun9487,0,0
34937071,SkerSb,0,0
34939501,TacoesAreColors,0,0
34946244,BUNSHEE,0,0
34962114,ochala,0,0
34964593,Hocok294,0,0
34965192,Malinovkaaa,0,0
34965652,yutoti,0,0
34966357,Thyneuu,0,0
34968867,Lunar Light,0,0
34969218,kaine-,0,0
34975137,CelebiBoo,0,0
34981668,Aurelian81,0,0
34981941,arkull1s,0,0
34989825,magbit,0,0
34991917,takanoyaa,0,0
34995274,rtzmi,0,0
34995984,Shirouyuu,0,0
34996831,nocturnen,0,0
34998281,upsilon23,0,0
35000291,in Frozy,0,0
35003649,myrasaki,0,0
35007074,aqua_con,0,0
35011340,yonisora,0,0
35013569,TheBread99,0,0
35013858,ButtaDawq,0,0
35014147,Yovvi,0,0
35021402,iamneutron,0,0
35023064,Kamsky_fm,0,0
35028424,Dark Android,0,0
35029297,u7Mu1,0,0
35029353,Stowiegriffin,0,0
35032252,Akaahii4,0,0
35037689,styxials,0,0
35038805,ItsLxvin,0,0
35042580,vaifflewafflex,0,0
35048495,rthehole,0,0
35062353,ConstantAsh,0,0
35066950,Pimgvincs,0,0
35068805,kyssing_,0,0
35071110,ggmirs,0,0
35086420,qwquwuovo,0,0
35086921,hlai,0,0
35087882,Losf,0,0
35091837,kazuki7878,0,0
35092565,NoobKey09,0,0
35095951,SasakiRen,0,0
35098091,spiderbug,0,0
35099833,"9k_lSlay",0,0
35100547,TerryZz,0,0
35105236,mad_laddie,0,0
35105654,JLGMP,0,0
35110912,yokananuee,0,0
35113620,sneako,0,0
35117662,DolphinSword,0,0
35118907,bleatox,0,0
35124182,Quickscopssss,0,0
35124315,Juketon,0,0
35126362,Phuc-Two_Seven,0,0
35128368,Yukiliro,0,0
35130060,leana22,0,0
35133340,vabeGG,0,0
35133438,Finng_X,0,0
35140267,m1lkyrie,0,0
35144243,Nein_,0,0
35144833,bobok1111,0,0
35145882,vokbab,0,0
35149256,femboynekita,0,0
35150405,kiwi9003,0,0
35150878,XDVisual,0,0
35158598,Kritx_,0,0
35159113,sixxxzerxs,0,0
35162442,UNEOYAMASGF_12,0,0
35163481,rukaf0619,0,0
35168809,buru21,0,0
35170518,Vinovski,0,0
35172295,Nuchai,0,0
35176689,Thurman,0,0
35179707,kirito55eugeo,0,0
35180511,Leo_Slade,0,0
35183895,Yappoliktaco,0,0
35186137,Luis1234,0,0
35188368,FLCLooney,0,0
35205982,rocl,0,0
35208317,sun0102307,0,0
35208866,meowfart1234563,0,0
35209076,fersays,0,0
35211604,Xz0potas,0,0
35212765,thecivix,0,0
35213352,flxyfps,0,0
35221334,the_yellow_one,0,0
35222095,bangbangboom,0,0
35222893,medakadayo,0,0
35228040,bubuche680,0,0
35229540,Culxm1,0,0
35232116,Logise,0,0
35238219,yofade,0,0
35239270,PolishMF,0,0
35239297,jousephsoto,0,0
35239355,NINjata,0,0
35239373,Violett037,0,0
35245748,vrs,0,0
35245753,rob38,0,0
35251776,iNoComment_,0,0
35257270,NextS_IL1,0,0
35257441,LokMy122,0,0
35260387,piglinww,0,0
35261714,TeFu69,0,0
35262787,hawkforest,0,0
35263323,Ilai_Di,0,0
35274233,nearen4ik,0,0
35277298,YoshikaSh,0,0
35281982,wzsfl,0,0
35283258,Luda Galoshkina,0,0
35285736,tim_pro102,0,0
35289439,benon,0,0
35294141,Stark_75,0,0
35294794,CodexWaffy,0,0
35296776,saltuya,0,0
35311866,huesos3423,0,0
35314389,Toptuca,0,0
35318142,pata25025,0,0
35319746,Asao-lori-Pop,0,0
35322004,zombieskyking,0,0
35327467,Kirundykk,0,0
35330144,kir0senpai,0,0
35344127,Frosen,0,0
35346410,itzmiko6,0,0
35347932,Zyruzeu,0,0
35348803,chokimilk,0,0
35351330,lamzi,0,0
35355463,Crevicunion,0,0
35356225,BrokenDagger,0,0
35358902,Oni_72,0,0
35370456,vJvckss,0,0
35372841,Harbingo,0,0
35373663,mikelisabaka,0,0
35381360,tipo_xyila,0,0
35382015,"1xqucer",0,0
35388072,Sinxz1,0,0
35390224,donotori,0,0
35390573,Arzuaa,0,0
35394653,f2pos,0,0
35399380,ashuiii,0,0
35399600,tn150617,0,0
35406691,nikitoflow,0,0
35407953,LEOlevrai,0,0
35409378,italo_heal,0,0
35414728,JB4283,0,0
35416073,gsl_,0,0
35425297,Aster_07,0,0
35431904,Ank,0,0
35432846,"7WekUm1",0,0
35433461,haiq090,0,0
35435467,Sharrr925,0,0
35435480,MTHPROEZ,0,0
35438759,NA08man,0,0
35445473,lozzixy,0,0
35448927,Turbife,0,0
35464126,estheruhh,0,0
35466586,jopa228888,0,0
35467432,Unquestionable,0,0
35469601,Andy3bodo,0,0
35471942,baboda,0,0
35476340,Felix155,0,0
35478074,joulxy,0,0
35478553,anilulu102,0,0
35480997,ogyrezz,0,0
35484158,Zephirow,0,0
35485396,gambletrick,0,0
35489739,zxaser,0,0
35490995,RVaughn,0,0
35491701,maxcimum,0,0
35492230,straweeeeee,0,0
35493247,mythodical,0,0
35494326,CcameronH,0,0
35509102,N1ght_213,0,0
35513298,SAMENO AQU,0,0
35519782,Credzi,0,0
35521186,hakobk,0,0
35522663,ASCAND,0,0
35523492,Senna5378,0,0
35524031,"9mauzer",0,0
35524866,hundjan,0,0
35526989,Frakensino,0,0
35532466,nyacatfudjdo,0,0
35533048,Yamada-kun3777,0,0
35533604,FungusFingers,0,0
35534271,gabisbiz,0,0
35539119,MorningMoth,0,0
35539474,Alex_pikimanex,0,0
35541541,nikkillz,0,0
35541542,Stickmask,0,0
35541797,KitsuneDento,0,0
35543155,helixo_bg,0,0
35544652,lustxria,0,0
35545207,Wolf_Sekiro053,0,0
35551480,Ariankss,0,0
35552758,ITS_jasen,0,0
35553162,AyLolSportik,0,0
35554014,Nicoblad,0,0
35554949,first penguin,0,0
35556405,panni_xiaoyu,0,0
35556892,Kerlas_YT,0,0
35559303,lennon_twink,0,0
35563382,NiteYoshii,0,0
35564641,sukaaa,0,0
35569747,milk1s111,0,0
35569885,mamothark,0,0
35570336,Hampte_Flora,0,0
35571444,morsiii,0,0
35572217,dj-is-sleepy,0,0
35575877,bergling,0,0
35577343,zhectrix,0,0
35584409,kamome999,0,0
35585591,superguard,0,0
35587996,CutieSnow,0,0
35591683,flausec30,0,0
35603611,xTheRealTobi,0,0
35603805,limsleepsad,0,0
35607668,starcrafted,0,0
35610862,guts_300,0,0
35611394,lotus0096,0,0
35612904,mashkxx_cat,0,0
35613233,asai298,0,0
35616309,Morschi,0,0
35618975,TheFloppest,0,0
35624245,SandyIsCool,0,0
35625997,imagawa1,0,0
35629852,Der7ine,0,0
35631300,"3lyX",0,0
35633176,Taken_Oranges,0,0
35633657,Akiz12651,0,0
35637269,matara973,0,0
35647017,rkel,0,0
35648531,Don Gbrxl,0,0
35651666,Nemu_o324,0,0
35653956,MrYeti,0,0
35654000,Nikollloson,0,0
35665424,TTV-Krixx_stx,0,0
35668820,murasaki_kuuro,0,0
35669865,vercetyyy,0,0
35670380,Yeobo_old_2,0,0
35670710,GodCat099,0,0
35671385,Hidden7,0,0
35676664,Le mont-tagne,0,0
35679666,qvelaq,0,0
35681968,pepperonipizza7,0,0
35685697,Kn_xjD,0,0
35686189,Feiyahkawaii,0,0
35690379,i m bad at osu,0,0
35690599,doubleshot0,0,0
35690823,Shragr,0,0
35691224,shirakanba,0,0
35692200,JustGrey01,0,0
35692247,elephants990,0,0
35705591,sauce57,0,0
35708448,yuyumochi,0,0
35710651,lucinha,0,0
35711683,ViniUwU_26,0,0
35715036,VoidLT,0,0
35716429,Yuyuew_,0,0
35720162,Kibsley,0,0
35725752,ImNitori,0,0
35726771,syreme,0,0
35729796,klimentos,0,0
35732620,mellent,0,0
35735774,Lucas_sdk,0,0
35739653,kubbythekub,0,0
35744822,ncezza,0,0
35747907,slener,0,0
35748995,outlawgage5,0,0
35749987,soullux,0,0
35750039,Alosuper,0,0
35754019,Colanti,0,0
35755768,Kunoro,0,0
35756195,s0ramu,0,0
35756562,msfvenom,0,0
35757388,yomisama,0,0
35759267,lavka449,0,0
35760103,L1ghting_,0,0
35760644,MASAOX,0,0
35760909,kapibara5,0,0
35767106,zeloooooo,0,0
35767367,Dapotatoman674,0,0
35776344,Hansl,0,0
35782722,N0_4H,0,0
35783151,pancondiablito_,0,0
35789165,skyzomboid,0,0
35790892,Wadetogo,0,0
35792070,"06ek",0,0
35795237,My Food Is Cold,0,0
35798178,ixnzou,0,0
35798786,UJlIOXA,0,0
35803084,soobln,0,0
35803703,Satoru2115,0,0
35804290,medesky,0,0
35804408,_parz_,0,0
35806112,Lasens,0,0
35808388,fjifjfid,0,0
35810569,Kwstas_asp,0,0
35811754,Iv death,0,0
35823357,killrain,0,0
35825887,Accsniper,0,0
35828000,Yasqwi,0,0
35831364,beg_sb,0,0
35833795,Milize,0,0
35834536,Podusiaq,0,0
35835316,IceViper277,0,0
35835673,ZukNa,0,0
35838678,Nettoxhs,0,0
35839670,"4arli123",0,0
35839950,Cookie_Jun,0,0
35842017,zZShadowZz,0,0
35853221,ziegelstein0099,0,0
35856964,treeeey2,0,0
35857906,Amy_Kuro,0,0
35858982,starliaz,0,0
35861477,AndresJX,0,0
35865193,LiL_Rikk,0,0
35866943,FrogsDough,0,0
35867369,xaiiix,0,0
35871581,qwex144,0,0
35871632,qqezy2,0,0
35883146,rinich 3,0,0
35885145,kuru1zawa12,0,0
35885426,buttermilkxee,0,0
35888882,tails_the_goat,0,0
35890668,Yashi,0,0
35891226,qwer_zxc,0,0
35892836,CARECA_,0,0
35893742,owarabisan,0,0
35896162,Lapis___VRC,0,0
35896712,vvoid,0,0
35897621,acuqqe,0,0
35904611,kinplayoskin,0,0
35908038,JAYAADITYA_old,0,0
35911585,cnaiz,0,0
35916290,Abyssal_Netsuna,0,0
35919162,AgemerV,0,0
35919193,odogg,0,0
35921981,necrobot,0,0
35923064,julius12324,0,0
35924782,Cedric912,0,0
35925044,dlmomeaga,0,0
35927374,pete209,0,0
35927778,MWFENG,0,0
35928182,woo3reexxx,0,0
35929048,GRXshoma,0,0
35932415,Raise sword,0,0
35935176,suzxkuu,0,0
35940835,uta525,0,0
35941009,JessiKaur,0,0
35941381,FiwMan159,0,0
35941454,sleep1244,0,0
35942013,MechantSinge,0,0
35942157,Banerover,0,0
35948706,K1tsunye,0,0
35951227,Fatalwarning,0,0
35952546,_1smert19_,0,0
35958712,miisyann,0,0
35958785,Wooji448,0,0
35959921,Kmshry,0,0
35971271,anhomee,0,0
35978428,ethanR112,0,0
35985675,The Thorn Bird,0,0
35989714,whitejade,0,0
35992061,BBotind,0,0
35992146,pisyar,0,0
35992278,kozavka229,0,0
35994349,Mooooooooooooon,0,0
35995636,CharlieLumpi,0,0
35997436,chell_mane,0,0
36003872,fcxxv,0,0
36003982,handbrakemaster,0,0
36005853,mdrzin,0,0
36011022,riakazi,0,0
36015482,illumecurs,0,0
36019799,xRosevyx,0,0
36023098,suzie,0,0
36027515,Tomasinnss,0,0
36029686,Dr4ky,0,0
36034823,Kakaxaxa,0,0
36040597,ToastiOwO,0,0
36040654,fek7,0,0
36045936,Suporuka,0,0
36048237,BinhSaee,0,0
36049277,spider2009,0,0
36050393,ekittenneedBF,0,0
36050884,Jaworekxd1,0,0
36056855,fearwolf97441,0,0
36058813,Kirito_chr,0,0
36059637,Anubius,0,0
36059858,Fernfog,0,0
36060524,Wuan4x,0,0
36064940,kharly,0,0
36067168,lulepzada,0,0
36070830,piskogryiz,0,0
36076161,VX_Iguro2707,0,0
36078081,jooyan__,0,0
36081935,MrKotYT,0,0
36082259,Sallyy,0,0
36082315,asdasdasdf,0,0
36091334,attempty,0,0
36095043,softcat01,0,0
36095650,PawelX69,0,0
36096072,K3n0ZOV,0,0
36096264,Kkzin_,0,0
36097130,harunixz,0,0
36098748,L4pz,0,0
36099542,blueClub,0,0
36100687,am_aakyuk,0,0
36101799,LNSH,0,0
36103115,mermude___,0,0
36108106,parrot_ducks,0,0
36108869,johny040706,0,0
36110304,HazenKitchen,0,0
36111820,Ranita__unu,0,0
36111987,deoooop,0,0
36117627,kedrq,0,0
36118049,GHOSTGGxd,0,0
36118914,Itleirf,0,0
36122512,Jdccdj,0,0
36125876,JustBlack,0,0
36127252,kkrriiss,0,0
36133571,Traxatb,0,0
36136085,patatafelizuwu,0,0
36136919,Rubylord,0,0
36137407,tornadosheep,0,0
36139471,BLUELOCK_old_5,0,0
36143336,vasiliytomax,0,0
36144474,Meowy228,0,0
36145419,GabbyGoG,0,0
36147550,xLeraie,0,0
36148556,RETIREDGOAT,0,0
36149122,NekoNyaOriginal,0,0
36158153,Revir_old_5,0,0
36160388,egorka229,0,0
36162405,MidnightxRin,0,0
36166418,niexraa,0,0
36166747,BOOGYMAN,0,0
36170469,darnytea,0,0
36172008,niye_old_4,0,0
36173361,cafaia,0,0
36175227,thefrenchaxo,0,0
36179225,RosettaHayashi,0,0
36181275,Joostik,0,0
36183052,nyanarlut,0,0
36184344,Alizard110,0,0
36187690,junsu1108,0,0
36189051,LongShlongHaver,0,0
36189107,milk777,0,0
36194927,casal,0,0
36196655,ArtemPro98,0,0
36198703,voidisstupid,0,0
36202059,norikom1,0,0
36206137,Sh1za4,0,0
36210099,grimmguy3,0,0
36210894,teacooksfjnos,0,0
36216637,Duv88,0,0
36219103,Not_triangl,0,0
36221782,LilSam1337,0,0
36225673,snirlay,0,0
36225840,xolid,0,0
36228862,SHROUD123,0,0
36229428,CarlosCA,0,0
36232369,LDplaysBR,0,0
36233472,nonxdfc23,0,0
36233938,ZEB1239,0,0
36234052,C4H6O5,0,0
36234461,dannynguyen,0,0
36236950,mrviolence,0,0
36244580,DeezNutzs,0,0
36245380,LazyHell,0,0
36247507,INTERNECO,0,0
36250028,kaitoegen,0,0
36250152,shariki_xyariki,0,0
36250825,stankammybaby,0,0
36251227,ABAHGAPD,0,0
36253897,lilby87,0,0
36254562,JATUWHAT,0,0
36256725,"0_lima_06",0,0
36263536,ELPIBEDELAMOTO,0,0
36265254,Viviene-LA-Fae,0,0
36266517,EMU1111,0,0
36269170,barret,0,0
36269392,PizzaPasta,0,0
36271494,funkymonky,0,0
36274352,matesard,0,0
36274979,chwincy1593,0,0
36275925,looseau45,0,0
36281644,nattushy,0,0
36284855,Pyrob0t,0,0
36284907,niro1kn1,0,0
36285897,mazi_0,0,0
36287236,Xoxo47,0,0
36287405,Acttavis,0,0
36287854,cantseemtofigre,0,0
36289704,SkepticYt,0,0
36290383,kupa66,0,0
36291352,Cripto4020,0,0
36300882,denjo_0,0,0
36301235,sigurekeiko,0,0
36302259,Misterarana,0,0
36303273,benjifrfr,0,0
36304148,Ale_smir2207,0,0
36305531,Blesno1,0,0
36305965,Bugzer6,0,0
36307190,kanipaaaaaan,0,0
36311284,MalfOK-Amura,0,0
36313250,zorglup,0,0
36315895,"479903282",0,0
36316161,XAV1ZZZ,0,0
36318672,sacabamba,0,0
36320851,Tilapiaa,0,0
36324327,"5MeFf",0,0
36326987,ffrdt_gd77,0,0
36329888,Tororo0122,0,0
36342467,BYY0820,0,0
36342841,Climax32,0,0
36343209,Oskaritos,0,0
36343816,Nal4ik123,0,0
36345329,PICANHAPERDIDA,0,0
36351437,KGKG,0,0
36355696,sayfen,0,0
36358144,elfasmedyje1,0,0
36358187,cracia,0,0
36359618,sean128,0,0
36360282,sigmahuyacc17,0,0
36364027,joechuk,0,0
36366024,Jadenxyz,0,0
36369271,aetilt,0,0
36371272,lorymp3,0,0
36375842,wamq,0,0
36375912,okiplaythisgame,0,0
36377595,Erikk_Oficial,0,0
36380923,cody0672,0,0
36381491,Anle_040,0,0
36382559,emochkin,0,0
36388093,rinochao_o,0,0
36389362,W1ssar,0,0
36390599,AUTOMOTIVO,0,0
36390821,APPAPOSCIA,0,0
36391508,ruinmytears,0,0
36394247,Ako4ka,0,0
36395938,lik_siko,0,0
36398805,kunigamiswifelo,0,0
36400559,Squeek_,0,0
36403679,conmon_89,0,0
36405054,Oxibarre,0,0
36413070,toecaresser,0,0
36414487,demyspace,0,0
36414858,ReallyMiracle,0,0
36415756,hu_tao_lover123,0,0
36418498,stfyy15,0,0
36421497,bibawn,0,0
36424730,NoobableShots,0,0
36426458,godswind,0,0
36427572,AceKiller74,0,0
36428721,TamiLOL_212SVK,0,0
36429734,phugia271,0,0
36435602,Hunta420,0,0
36438805,Anado,0,0
36439142,Nicolettasas,0,0
36440664,_lacri,0,0
36442391,Josentino123,0,0
36443131,youying404,0,0
36446822,MoOoRgAn,0,0
36448704,matizack 2,0,0
36452048,IMGeno,0,0
36453544,martin_nose,0,0
36453880,thaydude,0,0
36454947,xxyzzz,0,0
36456494,Otisik,0,0
36457712,Srnots,0,0
36458800,Forzaa,0,0
36461250,SleepyDormouse,0,0
36461585,yumeoi00,0,0
36462502,q34,0,0
36464376,N0T-IN3V-HERE,0,0
36465159,AzathPan,0,0
36478783,soyokaze1023,0,0
36479106,El JJ,0,0
36485292,Xelaacs,0,0
36486468,ceno573,0,0
36495127,kyelo,0,0
36496207,Samerkk4,0,0
36496351,XslothX,0,0
36498159,Ellisen,0,0
36502315,sewachas,0,0
36503278,N_enu,0,0
36505315,HKHK,0,0
36505659,faputa96,0,0
36509069,Nombacon,0,0
36511919,KJHGFDERTY,0,0
36514927,Bossyoshi_,0,0
36516357,Libellule30,0,0
36521973,casssss,0,0
36525041,Filipk667,0,0
36530432,jonxthangz,0,0
36535230,Naloyi,0,0
36538493,f0xxo,0,0
36538752,Dragonbot123,0,0
36543520,vincentt,0,0
36546012,Asuna Z,0,0
36546290,utakosama,0,0
36547100,himo_3,0,0
36551064,SiAn0907,0,0
36551379,SoulPuppet72095,0,0
36557245,LzzzT,0,0
36559320,ParkerC,0,0
36564571,Keixe,0,0
36568369,DoritosVt,0,0
36568466,vduLLya_,0,0
36578762,shobimakulet,0,0
36584014,lanluo1108,0,0
36585651,Shurikk,0,0
36595973,elst28,0,0
36596169,The__Flames,0,0
36596633,trikobicchoiosu,0,0
36603684,zz2k,0,0
36604391,Kryptic_Pro,0,0
36609319,Paradox2541,0,0
36611045,Unknown12345,0,0
36611177,TeleTtoby,0,0
36612529,hiyton,0,0
36619187,ullI_uI,0,0
36619557,Goldlu,0,0
36619793,fall3Nangel1785,0,0
36620198,Wojtasik,0,0
36620756,qweert1,0,0
36626151,Berdan,0,0
36628654,Sabitsvki,0,0
36631102,tit5,0,0
36631480,Tenks,0,0
36635714,Zmyth,0,0
36636771,akua_game,0,0
36637957,s3itz,0,0
36645130,Q01,0,0
36648918,S0ULSH4D3,0,0
36650559,julien20120216,0,0
36653090,renaltt,0,0
36663361,Howard20302,0,0
36664324,Probar,0,0
36666396,Dsorn,0,0
36675648,xxiara,0,0
36676579,ItsNotCheryl,0,0
36677698,EdeNxMasa,0,0
36682044,WhateverDS,0,0
36682843,SMILEYJj,0,0
36684309,omerdanoov,0,0
36684373,ravenclaw2077,0,0
36684894,VintageFox,0,0
36685413,DraeTBae,0,0
36686576,trick00141,0,0
36686768,Senpai35,0,0
36686883,airddd,0,0
36688940,gygygygygygy,0,0
36690310,asigl1shi,0,0
36693108,debai,0,0
36698263,Gabbysito,0,0
36702540,Ryukxz,0,0
36705215,im_emi,0,0
36705863,L0LIHUNTER,0,0
36708346,MrIceSlushy,0,0
36709981,Yangberry,0,0
36710377,Dyerling,0,0
36713771,Fifiiixywzx,0,0
36714674,HaLu7777,0,0
36718718,LaurenceBee,0,0
36719878,Deudoran,0,0
36719947,N00bME1546,0,0
36723096,rakso330,0,0
36725671,maxzzzz,0,0
36725889,wadom,0,0
36728608,misories,0,0
36729098,Sobekah,0,0
36731529,Hego028,0,0
36732927,kali4iki,0,0
36742373,bogdan4379,0,0
36744725,DrJex,0,0
36752354,whyihaveugly,0,0
36752884,TheJuice911,0,0
36755548,krytoy2,0,0
36758791,SeiZeus,0,0
36763575,seryesOSU2,0,0
36765208,Markousha123,0,0
36766684,reverina,0,0
36769717,lana hl00ve,0,0
36771066,oicherry,0,0
36778721,adamos_old_8,0,0
36781128,Studzy IV,0,0
36782461,byosu,0,0
36788898,BCDOSTU,0,0
36794268,xtriplezz,0,0
36796708,TheManifect,0,0
36799122,Art1K11,0,0
36800117,rcvyee,0,0
36811398,papaolcnarf,0,0
36818123,epikfatguy,0,0
36818159,baikoaw00,0,0
36821233,phurinaja,0,0
36826636,timik_tim,0,0
36827197,to04hko,0,0
36835933,iPolars,0,0
36836095,Popthebot,0,0
36836344,LovelyDoober,0,0
36836493,SnowYArtic,0,0
36839973,hawwk,0,0
36844802,minashaso,0,0
36847727,lazarsoup,0,0
36854818,Smolder2k9,0,0
36857705,SW1ff,0,0
36858023,nananini,0,0
36858362,MNH_TV,0,0
36859174,shimon13,0,0
36859692,ataken12,0,0
36862132,nngnaeyn,0,0
36862173,rioEh,0,0
36864053,hh204,0,0
36868038,kinkira,0,0
36876368,rodrigomaranhao,0,0
36878184,Hstyx,0,0
36890050,Marcionek,0,0
36892669,Braamble,0,0
36898732,N1xnight,0,0
36902813,Aria Godspell,0,0
36903038,Ashhy69,0,0
36903261,NOOB872121,0,0
36904664,Balkonikk,0,0
36916809,Makedonsky1,0,0
36919679,BaldyCurry,0,0
36920911,Cortante,0,0
36922185,zzxc,0,0
36923579,vymlasc1,0,0
36925837,Rain_S0l07,0,0
36937041,Vtzz,0,0
36937400,janiskrumins,0,0
36939125,DIMAMAMA,0,0
36942568,Khryyy,0,0
36944295,Ryuk_33345,0,0
36945531,JibbyJabbo,0,0
36947113,iwawawamagu,0,0
36949776,Aiphu,0,0
36949819,Mismarked,0,0
36957470,Pedalekkurwa,0,0
36960485,Akantr,0,0
36964349,Sumuzu-Chan,0,0
36964783,Rainesska,0,0
36966640,chino1204,0,0
36971220,Garctrap,0,0
36976053,Panda_mannn,0,0
36976698,Gamerrecks,0,0
36980857,Odintheloll,0,0
36983180,luy3,0,0
36987968,Crunchieball,0,0
36989379,iLoveGothBaddie_old,0,0
36990338,mattey,0,0
36993510,cchatz,0,0
36995816,Bangson117,0,0
37000113,KeiXize,0,0
37004607,virtual1904,0,0
37005556,Tavoga2121,0,0
37005931,echelons,0,0
37006937,paru1121uarr,0,0
37009182,ColleteBS,0,0
37010716,utah2,0,0
37011500,DANONDAN,0,0
37018752,Dagnos,0,0
37021404,Temenos,0,0
37021911,Nbstar360,0,0
37022191,t0mmy_76,0,0
37029853,Nuggster,0,0
37030870,Phesoft,0,0
37032494,SKeTChY1094,0,0
37033064,sxen2000,0,0
37036518,katiro_osu,0,0
37039106,ichigaynghean,0,0
37039127,Dob1yy,0,0
37039691,Suikol0721,0,0
37043000,arfaidan29,0,0
37044533,ProstoGrechka,0,0
37048771,AnTr,0,0
37049990,The Chubbster,0,0
37053186,"0ps1",0,0
37060247,Yuuki_w_Asuna,0,0
37063353,MoonyLyn,0,0
37068343,Zukos01,0,0
37069816,walkarttohell,0,0
37069893,DavZav29,0,0
37073406,Zuzulek,0,0
37074104,Trashyraccz,0,0
37075485,RoLeDown,0,0
37078674,wZamatsu,0,0
37081454,user220538237,0,0
37083823,MOLKYCH,0,0
37089060,Prusk1s,0,0
37089629,legacyyyyyyyy,0,0
37089691,feykych,0,0
37089932,LaMaxWeirdo,0,0
37090528,igsok,0,0
37092342,jwy031127,0,0
37092587,jokas,0,0
37092638,reifun,0,0
37095949,quilical,0,0
37097432,D1NIKS1,0,0
37097824,Darv1ne,0,0
37097950,soaringmaybe,0,0
37101785,jeetjeet,0,0
37105348,Ge_nesix,0,0
37107435,Maranyaa,0,0
37111905,meowjasi,0,0
37113704,RCzin,0,0
37115115,Wilzox,0,0
37116188,Ralsiko_old,0,0
37116565,Zerolight,0,0
37118770,Kao Katanyu07,0,0
37121541,MitaShkY,0,0
37123009,Mika Keiokim,0,0
37123716,CowaBoy,0,0
37127249,DosakaLin,0,0
37130905,Sezana1,0,0
37135706,cahakolesnikov,0,0
37136208,aguuuzok,0,0
37137252,PeterOwlz,0,0
37138253,cinnaryu,0,0
37138517,TimIsDemon,0,0
37141442,june0207,0,0
37142361,kiore1419,0,0
37146690,fuji_tempest,0,0
37147971,Mrkong,0,0
37149613,__jabli_,0,0
37151559,sonsss,0,0
37154755,Itz Sassi,0,0
37155208,Hex The 731st,0,0
37157136,GWENITO,0,0
37159352,Zemelunuha,0,0
37160117,Xirv,0,0
37163275,demxnian,0,0
37164717,B0L0TN1Y,0,0
37177408,cherrydrop,0,0
37179528,Domi07,0,0
37179661,yaiko227,0,0
37180855,StolluniorT,0,0
37181467,Yvena,0,0
37182472,ninethizz,0,0
37183654,LimixedRedArmy,0,0
37183899,shigreeee,0,0
37184285,MattieSiiggmaaa,0,0
37185791,kunehana,0,0
37186459,rumunz,0,0
37186983,lovenasta,0,0
37186991,mishganchik,0,0
37187277,kennarose13,0,0
37191231,Jcabo,0,0
37193708,ineedblack,0,0
37203747,hEiXu,0,0
37204355,Tou1less,0,0
37206646,Slim Turtle,0,0
37209929,anikk,0,0
37213380,TannerV,0,0
37215938,Niceon1,0,0
37219318,FRIZZX27,0,0
37219635,super pedik,0,0
37223539,ovo_420,0,0
37224487,Dissez,0,0
37227064,cripsum,0,0
37229128,Babypowbg,0,0
37230232,AnOsuPlayer,0,0
37230344,f3tch,0,0
37231309,DirtyMousePad,0,0
37233029,sir_philip3,0,0
37234612,TrenderTD_PC,0,0
37235272,holy lord,0,0
37235927,Nabbr,0,0
37239360,RavenB2,0,0
37242120,w1lfy28,0,0
37244516,anajubia,0,0
37246705,ilikecircles42,0,0
37247584,fireoa,0,0
37249957,kanashii_k7,0,0
37252784,renhayya,0,0
37254812,camilovesanime,0,0
37257507,KUMASAN_old_7,0,0
37262031,alnOvertaker,0,0
37262322,wangHD,0,0
37263653,zoldat0,0,0
37264023,dplch,0,0
37273023,Cherry_uwu,0,0
37273500,"122mm",0,0
37275529,nivenom,0,0
37278398,rorokas6,0,0
37279344,Invalidname1,0,0
37282099,Jules_OwQ,0,0
37286750,siroineko,0,0
37286946,arthur th,0,0
37289080,laraa_121,0,0
37289170,BeastMan_,0,0
37290230,Koranju,0,0
37291352,Bubs1,0,0
37294205,Juniberth,0,0
37294734,zdaikon,0,0
37295068,GeraaSlaugh,0,0
37296298,F_Tomik_F,0,0
37297470,zestyke,0,0
37299042,Maktshu,0,0
37299569,uxxie,0,0
37301598,chivie,0,0
37303703,hydrojayn,0,0
37305586,deezsnut1243,0,0
37306287,verycoolmike,0,0
37306969,Yukami_ko,0,0
37309921,TheDinoKid,0,0
37311948,chamirchito777,0,0
37312018,thibeaut,0,0
37312057,Qkayyy,0,0
37313212,meowmeow000,0,0
37313814,dice1145,0,0
37313877,albertein,0,0
37314177,vsemnakoleni,0,0
37314548,Wils0nW,0,0
37314805,ShreyX124,0,0
37318971,unkown1,0,0
37320187,Snorkmaiden,0,0
37328448,Magma-Chan,0,0
37332765,CBETKA_2005,0,0
37333057,OsuNoko47,0,0
37335220,san22201,0,0
37335446,wafik_zaman12,0,0
37343481,Bull Osu,0,0
37344589,iaval,0,0
37345519,Kurasawaan,0,0
37346924,Zab23der,0,0
37349930,Hoshimenow,0,0
37352889,maksiuuu,0,0
37352893,Mafuyusif,0,0
37354346,temets18,0,0
37355625,maudao,0,0
37357819,REQUEWW,0,0
37360031,rz0609,0,0
37360822,Cadper2k,0,0
37364034,TRUSHIN,0,0
37365865,Masqu3rade,0,0
37375795,Mvty746,0,0
37378390,Pon_pon,0,0
37380147,Acyy,0,0
37380684,c_harleson,0,0
37382583,fphan,0,0
37388448,pinguim lin,0,0
37389230,chauduawibu,0,0
37390123,sa_kana1009,0,0
37391328,Tanglnw,0,0
37391682,hyesosssr,0,0
37393722,jonathansoggy,0,0
37396783,resortT,0,0
37397981,LimulYT,0,0
37399902,Nooberteva,0,0
37401178,Fyb,0,0
37401483,Lan yue,0,0
37401958,XRNTort,0,0
37407839,seoeungondu,0,0
37411700,luanngaopk,0,0
37413209,Kenjuthsu,0,0
37415447,tokasa,0,0
37416701,ellxva,0,0
37416797,Javierfint,0,0
37419178,hirmya,0,0
37426523,Kempel,0,0
37427735,KevinPato,0,0
37428169,"1shmael",0,0
37439879,rito35,0,0
37440834,_shmo,0,0
37447797,Nik0123,0,0
37448301,Uoptle881,0,0
37451694,secks_z,0,0
37457248,Croissant_1501,0,0
37457451,"0kcmpter",0,0
37460918,LeoMessi_old_6,0,0
37461095,LOLA4X,0,0
37462033,der_jery,0,0
37462840,ookaoka,0,0
37465451,Fhlesssrait,0,0
37466071,vulnrable,0,0
37469527,Qstat,0,0
37471450,Henrythedeamon,0,0
37472856,andorexq,0,0
37473110,KarinShinomori,0,0
37474872,marcogaming,0,0
37475967,Skinnystork,0,0
37476795,AmonXes,0,0
37476844,juicy_beans1234,0,0
37480944,zzombikk,0,0
37481360,Egg14,0,0
37482065,sironekodayy,0,0
37483951,W33zr3K,0,0
37486390,uyumuri,0,0
37487172,AlwaysNoLife,0,0
37488508,That_Blue_Cat,0,0
37491968,Kozaru,0,0
37494851,VinceWolverine,0,0
37496449,jokeskill,0,0
37498899,infinityy7,0,0
37499812,PiZdUk228,0,0
37500698,Power_Keeper,0,0
37501394,MidnightCoyote,0,0
37506793,flexota09,0,0
37508548,oeligefuesse,0,0
37510085,kreqit,0,0
37511241,poropotpie,0,0
37511444,Zentxrn,0,0
37512857,Swampy7747,0,0
37513758,iambast3t,0,0
37514247,Kagami9162,0,0
37515994,Wynzorro,0,0
37519329,meteora114514,0,0
37521373,revolh,0,0
37524070,ShadowMonsoon,0,0
37524710,presure111,0,0
37526283,Wrath_God,0,0
37536841,RikuCuteee,0,0
37538230,kscdestiny,0,0
37544748,stringy1488,0,0
37548083,eXtaxYss,0,0
37550069,Sudar18,0,0
37557233,doylnwza007,0,0
37558010,Exodiasan777,0,0
37558645,MIC HI,0,0
37558797,pepl11xd,0,0
37559461,wayne125,0,0
37563085,likarizz,0,0
37565643,hyrdcore32_tyag,0,0
37566102,Clwvu,0,0
37567504,Qizamu,0,0
37568364,Flipsonia,0,0
37570208,XShirxx,0,0
37570380,Redsouline,0,0
37571302,Yuukiriri007,0,0
37571995,terrible_kid,0,0
37572314,balensi,0,0
37575272,maestro_osu,0,0
37578680,ujurr,0,0
37579003,bbretzi,0,0
37581092,Tomaki,0,0
37584432,Mimil22,0,0
37584848,ZLC2813,0,0
37586708,aporo112211,0,0
37587623,r0xfor,0,0
37588084,TimofeiHoh,0,0
37591182,marelight,0,0
37591307,Andres0405GT,0,0
37592917,banana123321,0,0
37592932,Mzbello,0,0
37594601,Nicky_0,0,0
37602844,LrdNightmare,0,0
37602911,Squizi1906,0,0
37602928,ImBoop,0,0
37603978,ilay72627,0,0
37608899,Ultimate2007,0,0
37610709,JanioDanio,0,0
37611574,Kaiizu31,0,0
37611999,Van1al,0,0
37616423,Art1487,0,0
37617612,cvak,0,0
37623560,Maiku_,0,0
37624290,M1TH44L1,0,0
37626269,kkaska,0,0
37626670,IceTeaEnjoyer,0,0
37631470,wuanchjm,0,0
37634474,dewwieref-,0,0
37636216,purrfectanty,0,0
37636777,rlodex,0,0
37641565,lumieresdreams,0,0
37642288,hatedd13377,0,0
37644274,BellSummertime,0,0
37645865,zxcVVVVV,0,0
37647291,Spryzen_old_8,0,0
37648057,za za za,0,0
37648590,Jakker23235,0,0
37649138,migisek,0,0
37651886,Nekodora,0,0
37654320,meitksa,0,0
37654973,Goobler,0,0
37658945,drgdfgdrtygdryg,0,0
37660350,walkingcat0101,0,0
37663334,Helpu9027,0,0
37665692,viikx3,0,0
37667613,Haroldcred,0,0
37669827,PINOshine,0,0
37674944,fatflasche,0,0
37676938,Finna Chef,0,0
37681746,levB123,0,0
37685221,maparo68,0,0
37689081,scb3,0,0
37692938,LlamaOnAddy,0,0
37693350,farpNooblover,0,0
37695066,koewmii,0,0
37695303,Froggi,0,0
37696237,shortgremlin,0,0
37698871,maiumai,0,0
37699201,jopaaaa666,0,0
37701316,McDonaIdsSprite,0,0
37702712,L1ER,0,0
37705181,raitz,0,0
37706382,iidashpl,0,0
37711000,khanhz111,0,0
37716475,D4rkxGh0st,0,0
37718664,funrable,0,0
37726992,NNatoms,0,0
37729570,Bimo,0,0
37729941,MBroVEF,0,0
37739159,Amrmsh72351,0,0
37740328,justintan842,0,0
37742662,camba,0,0
37743461,sinoto_jpg,0,0
37746724,AreYouMental110,0,0
37746969,moon_623,0,0
37749064,GGbond,0,0
37749661,mem ytka,0,0
37751923,li1217,0,0
37754432,marotti1815,0,0
37754551,CallmeLexos,0,0
37756996,amathst,0,0
37757813,komaedazzz,0,0
37758706,za4riks,0,0
37758935,sleepaxzyxd,0,0
37759009,shador,0,0
37759405,Samsa_78,0,0
37759663,Kami_LifE,0,0
37763489,Dr_Labello,0,0
37764030,Bartkill35,0,0
37764264,yotomo,0,0
37764903,l0nlen,0,0
37766535,Brusi,0,0
37767519,Teaford0947,0,0
37768437,kirill2012,0,0
37770460,jotav,0,0
37771308,THEGARBAGEMAN,0,0
37775534,svck,0,0
37779427,ffffggghhh,0,0
37788213,Katzax,0,0
37790431,DueDraft_19,0,0
37790553,gaubeooo,0,0
37792973,Tony Montano,0,0
37794810,gosa222,0,0
37797643,BogdanBursuc,0,0
37797740,nnorthh,0,0
37800175,Hennsky,0,0
37801506,Liannnn,0,0
37805473,gYnChik,0,0
37806164,Swish_beach,0,0
37809942,rindevn2725,0,0
37811198,Otirik193207,0,0
37811571,Vivyian,0,0
37812959,PubzY2K,0,0
37813544,Ulitus,0,0
37817780,Slimeyyy,0,0
37819782,buzzbuzzed,0,0
37822975,Latte1812,0,0
37827528,nhat20098322,0,0
37827726,JJKFanxx,0,0
37829494,skkooor,0,0
37829943,jalkku,0,0
37830780,tchubirubi,0,0
37833373,Valef69,0,0
37836868,COOLkidd29376,0,0
37840904,zinvor,0,0
37842141,wths,0,0
37850022,Jookothy,0,0
37852865,lilderrrr,0,0
37852945,hezlty,0,0
37854651,GeorgePress,0,0
37855405,celino,0,0
37858888,Ebanat9,0,0
37865908,"7sven",0,0
37866800,Konatatata,0,0
37869692,papa_seller,0,0
37870553,ch4ey2w,0,0
37871711,DomZdaGoat,0,0
37873056,nno_02,0,0
37873768,sosu,0,0
37873833,shinku-kuro,0,0
37875834,Sammy_607,0,0
37875971,ATOMIC_,0,0
37876885,Timmylulxd,0,0
37877346,SCGames,0,0
37877964,Hownoob,0,0
37879938,Scrinici,0,0
37880044,alexpapu,0,0
37882290,takou,0,0
37882593,sxream,0,0
37883294,Avxq,0,0
37884986,UltraGeng,0,0
37887293,'-garlic-,0,0
37888295,lightishim,0,0
37898522,aphiren,0,0
37898738,hannaiw,0,0
37900239,XDestroyerOSU,0,0
37903395,Limnatis,0,0
37907504,nnagii,0,0
37908900,starlight09,0,0
37911151,torachin,0,0
37917231,KingOfKipCurry,0,0
37918083,SenjuCheesey,0,0
37923448,Seleek,0,0
37923798,cupcaket,0,0
37923869,_NgocThinh_,0,0
37924267,Alfi2a,0,0
37929120,Bogdan11111,0,0
37932603,Ajlya,0,0
37932742,maguuuu,0,0
37938646,thedarkness559,0,0
37940366,Jqyyy,0,0
37940481,drunkboy,0,0
37941448,isssssss,0,0
37941706,Picstar,0,0
37942518,yabeans,0,0
37943651,hsdojfh,0,0
37944781,ok0401,0,0
37948098,Divan_fef,0,0
37948998,"9Amyr",0,0
37949339,kun_xizai,0,0
37954458,Wibunyani,0,0
37958141,SeaWeart,0,0
37959153,Frez1s,0,0
37961828,SuSLi4eK,0,0
37965916,l0velykamyy,0,0
37966366,Fluffynatsumi,0,0
37971927,lolkaa,0,0
37972223,Rya_a,0,0
37973942,XLaN,0,0
37974359,Awei9708,0,0
37975006,JeanX 77,0,0
37979238,MagicMula,0,0
37979366,Kakashka121,0,0
37980281,soezHD,0,0
37982770,kans mama,0,0
37983283,Sanya_5020,0,0
37983327,Twily,0,0
37985616,master2112012,0,0
37990704,Spiff5,0,0
37997405,NGC 1111,0,0
37999455,bento639,0,0
38001903,Iul,0,0
38002738,Kinvaa,0,0
38006515,Ki3,0,0
38006626,lilirisXP,0,0
38014574,waohu,0,0
38017197,Naitikus,0,0
38018180,y1ng,0,0
38018989,kkeshi_i,0,0
38019392,U3xD0n9,0,0
38020721,katosik0,0,0
38021786,Psychika_,0,0
38022750,Cadon4388,0,0
38024431,west_69,0,0
38026665,andakawwa,0,0
38027642,LALA222,0,0
38027973,tubu11111111111,0,0
38028288,SanX2,0,0
38028830,Zubson420,0,0
38028986,tianfen,0,0
38032152,michael5555,0,0
38032183,jpgame_56,0,0
38032756,LemunSenSei,0,0
38034564,kingkeys,0,0
38038228,dialogue_junkie,0,0
38042838,Heishide,0,0
38044390,Lonely_Kazuh1ko,0,0
38046449,Ian69,0,0
38049990,mesula,0,0
38050688,NPC_xd199,0,0
38050953,opluvr5,0,0
38051162,honglou,0,0
38051999,SeeUSeeYou,0,0
38052668,ChimkenNugget,0,0
38059589,Phaetos,0,0
38060526,xxcomdx,0,0
38061694,kukarekuEEE,0,0
38061977,Haimolt,0,0
38063425,Sasalka888,0,0
38063448,Ecleax,0,0
38064083,Gooo00ose,0,0
38064347,"0nqt",0,0
38064666,kochamjaracziol,0,0
38065131,Rask777,0,0
38066600,heaven or hell,0,0
38074609,Nami0318,0,0
38074821,dylaraven,0,0
38075714,ilusommgrl,0,0
38077751,Apolloobrabo,0,0
38077816,B3rli0z,0,0
38082324,JustinAL,0,0
38084233,overwatchplease,0,0
38084510,H4sy,0,0
38088502,anhbachaku,0,0
38091166,ZekeDahGod,0,0
38091321,ALIRsss,0,0
38095627,thanhtam05009,0,0
38096136,NoCure_,0,0
38097762,"7tim",0,0
38098764,TheOtherFifi,0,0
38099413,Venna123,0,0
38104479,Adriienass,0,0
38106068,AmiaAyume,0,0
38110207,LuvPat,0,0
38113180,INYOURFACEBRO5,0,0
38113754,PrinceSable0001,0,0
38116025,asdasd445,0,0
38116552,hatt1i,0,0
38119406,rsecxv,0,0
38121036,ClariSea,0,0
38122791,Bro16l,0,0
38123059,newcon_123,0,0
38123518,K0r3_4n,0,0
38123663,Nahong,0,0
38124257,Dagger_Of_Hope,0,0
38125561,Mimikiyshka,0,0
38127295,Zasyz,0,0
38128341,AsbestMaster,0,0
38130200,sahhagera,0,0
38131988,rehhh,0,0
38132461,shluha2,0,0
38133899,MevluTM,0,0
38135083,shonichiwa,0,0
38135880,gensh1n,0,0
38139454,Slogic,0,0
38141110,FlOoOpiii,0,0
38142979,MokreFrytki,0,0
38143812,Albert434534,0,0
38144518,DanteSSStyle,0,0
38144835,miyapi38,0,0
38147353,pinchosita,0,0
38147543,xxN3zu,0,0
38154021,Zenkor,0,0
38154064,leo122x,0,0
38156206,cottonball4858,0,0
38158471,martin_xz,0,0
38159343,Captain Toki,0,0
38162505,Elektro_UwU,0,0
38162918,dududa,0,0
38166357,angelitooow212,0,0
38166914,a3m1ssss,0,0
38169374,liderlik_adim,0,0
38173100,pootis13719,0,0
38173153,leinx,0,0
38173173,Faust0,0,0
38173895,LLRXH,0,0
38173958,Kiroshi559,0,0
38175469,r4ynnnn,0,0
38178655,kizuyuh,0,0
38178797,REINDONG,0,0
38184367,Plusle1412,0,0
38184751,Zee_y0uagainLOL,0,0
38187991,iluvkaiser,0,0
38188012,xeoiyy,0,0
38189048,s0_t1ny,0,0
38189191,LiaoChen0714,0,0
38189718,Koji_,0,0
38190116,Vadimkukanchik,0,0
38191436,tonka_yourmom,0,0
38191857,misaacvo,0,0
38195862,aaaaaaaaaads,0,0
38196332,userblank5762,0,0
38196992,Azur3_,0,0
38197662,dvzfr,0,0
38198229,s3nyuk1,0,0
38199829,seien082,0,0
38200012,dylanthecapy,0,0
38200016,sweaty_ti,0,0
38202066,Unsuitablelove,0,0
38202904,whatasae,0,0
38203415,Qdrill,0,0
38203485,CrossLSM,0,0
38204060,calliris,0,0
38204837,garcia228,0,0
38205263,syouo514,0,0
38206075,broesknows,0,0
38210732,tensen,0,0
38212953,UFF_123,0,0
38213838,Neo17,0,0
38214464,burlap,0,0
38216943,edicionespecial,0,0
38222671,Suki Pyrous,0,0
38224600,"2x2hoblue",0,0
38224615,miviii,0,0
38226055,xGoyo,0,0
38226145,gtr_louis,0,0
38227161,regong,0,0
38229976,kimuraharutomi,0,0
38232394,ChingLing,0,0
38232575,Sanoyo,0,0
38233212,dandaman1234,0,0
38235073,m7mddd,0,0
38237356,maikie,0,0
38237724,SomeoneUwU,0,0
38237944,Sbinchk,0,0
38241487,Billay,0,0
38241754,dwuber,0,0
38243688,aviiy,0,0
38244412,Pazzzuu,0,0
38244836,ivymyk,0,0
38245894,Coted,0,0
38248840,yuchi0531,0,0
38248908,zonk7263,0,0
38251445,PickleCatto,0,0
38252868,A_bond_K,0,0
38253111,tmduc,0,0
38255489,enderrrrr,0,0
38257177,Just12345xd,0,0
38258652,led06,0,0
38259006,nikotiso,0,0
38261256,shlukycookie,0,0
38261316,MostMissPlayer,0,0
38262272,greenblood,0,0
38263523,Si_X_ela,0,0
38264516,Drusti,0,0
38267180,shoygun12,0,0
38267291,KmisatoAyaka,0,0
38267378,PoriRori69,0,0
38267756,River_01,0,0
38268314,ganaru,0,0
38268823,legendary_69,0,0
38271010,liavalll31,0,0
38272177,ApprongWolf,0,0
38273215,FrRaiksnN,0,0
38273256,Vanilla_0,0,0
38275932,Uglligolem,0,0
38276745,solarxxdd,0,0
38277834,TORONTOTOKYO17,0,0
38278434,ruitaki,0,0
38280832,ast_arta,0,0
38281072,mousefriend,0,0
38281749,mirai_ET,0,0
38282404,yuiopok,0,0
38282763,Jaesir,0,0
38283109,gostekX3,0,0
38284109,REALBENTO,0,0
38284182,Ryco29,0,0
38288621,spectture,0,0
38291140,Liza_Meln,0,0
38292916,FazterYT,0,0
38293880,HYACINTH4,0,0
38294326,Drunnamed,0,0
38295205,graund32,0,0
38295643,reinerz4,0,0
38295951,LunaNoob,0,0
38296735,keglikk,0,0
38296751,lampham,0,0
38298257,Gsgsgnn2,0,0
38299193,Margott,0,0
38304054,s4tn,0,0
38305931,Chudslayer,0,0
38307069,DKDA,0,0
38307469,Thegamer5054,0,0
38308935,N3ktar,0,0
38309483,ditenblud67,0,0
38312578,Noellll011,0,0
38312623,LucSKuro,0,0
38313142,piranhapxss,0,0
38313426,srbelle,0,0
38317162,Lopz2l,0,0
38317706,Maksussy,0,0
38317870,SYBAU_,0,0
38319955,meowman2009,0,0
38321843,mashaismyolny,0,0
38323443,SkinBanjoPro,0,0
38323779,Xavi2212,0,0
38326442,gyuho,0,0
38326724,kenndricito,0,0
38329293,mmmdonuts,0,0
38329711,sohotdog1423,0,0
38329814,NikolayZZZ,0,0
38332174,darm1ly,0,0
38333933,sybauuu,0,0
38334925,p0inter,0,0
38338399,A55Sweat,0,0
38340355,CubeBaconn,0,0
38343542,meath0913,0,0
38344464,westyyn,0,0
38348767,Alaniaq,0,0
38348893,Yanamidonk,0,0
38350617,tactico,0,0
38350831,Proxd72,0,0
38352282,sistia,0,0
38352854,sowqk,0,0
38354066,Shine7,0,0
38355207,NexusVGX,0,0
38355306,Leodii,0,0
38356015,elmasitagg,0,0
38356688,axzen_SOLO,0,0
38360393,XimeX0114,0,0
38360511,Alejandroup447,0,0
38364299,mqlkk,0,0
38364502,Pegiovita,0,0
38366144,Der_Moox,0,0
38366966,femboy_lover1,0,0
38368837,strngg122,0,0
38371776,Feel_TGC,0,0
38372707,yujihapan,0,0
38374604,erjooo,0,0
38375814,sabcastel3,0,0
38376628,venxya,0,0
38377900,"0xThinking",0,0
38379122,Sunset0255,0,0
38379399,reddrath,0,0
38380480,Denxyy,0,0
38380613,BooyaaDGGC,0,0
38380655,flexbatu,0,0
38380714,im rly bad,0,0
38382282,heatchyz,0,0
38386135,Thanatoz,0,0
38388605,thebashforkbomb,0,0
38391111,KingAsura,0,0
38392815,Calmness9011,0,0
38393813,Kopipait,0,0
38395748,clipay76,0,0
38398352,AntonStringussk,0,0
38400251,luizvn017,0,0
38402235,Lyyx,0,0
38410329,Ramskyy,0,0
38412007,HatsuneneMikuku,0,0
38412086,balatrero123,0,0
38413405,Metabolik,0,0
38415377,freefridges,0,0
38416963,onisoto,0,0
38417594,JayDogTG,0,0
38421222,USS316,0,0
38423178,Alan159pro,0,0
38423662,Albanian_6za9za,0,0
38424587,vergil2011,0,0
38426695,rreta,0,0
38426999,Fivershoe,0,0
38427389,ZombikDER,0,0
38427895,GAEL325,0,0
38428370,MeikoStar,0,0
38428953,smirnoff ice,0,0
38429291,Duskfrost,0,0
38429858,shishacode,0,0
38429877,plarAz,0,0
38430571,haijin01,0,0
38430811,Josie-ofc,0,0
38431648,alosbakk,0,0
38433706,cxldd1,0,0
38434895,BENtegamer,0,0
38435116,ErenRL,0,0
38435846,meoowtic,0,0
38436113,SergeY131234,0,0
38439007,dummy9798,0,0
38440515,lythea_,0,0
38443638,MIMASL,0,0
38444509,solomka98,0,0
38445421,Herobine_44,0,0
38446184,sdfgweewwef,0,0
38446591,acerhtml,0,0
38446800,Srtfoxosu,0,0
38447069,Hangover_,0,0
38447579,Lumia_114514,0,0
38447683,pivo240,0,0
38448647,kolillllll,0,0
38450280,kacperp,0,0
38452673,KingZaza,0,0
38452835,psyholy35,0,0
38455801,DaddyDire,0,0
38457442,sono_skibidi,0,0
38458526,avion_cu_motor,0,0
38459511,TulaGorda69,0,0
38459850,theimmaterial,0,0
38460005,DIGROID,0,0
38460797,SkinnyJeansNick,0,0
38462468,irmakdominator6,0,0
38464161,Inkyiesss,0,0
38471275,Asianeyeess,0,0
38477038,NOface31,0,0
38478031,kittynub,0,0
38478979,nekochi_0411,0,0
38479226,SinisterZero,0,0
38480701,sonofGodddd,0,0
38481530,crueltyq,0,0
38482300,jakeshka555,0,0
38484064,fadedanya,0,0
38484774,Taara_jumaal,0,0
38488512,Fyli,0,0
38491120,imjudaah,0,0
38491442,mori2067,0,0
38492062,WSinon,0,0
38492631,vissy,0,0
38493570,manancceapa,0,0
38494048,esmeraldo333,0,0
38494678,Greatwhitepuppy,0,0
38499141,mochi_king,0,0
38499669,the_lark,0,0
38500111,therealshy,0,0
38502071,ripgaku,0,0
38502072,srcided01,0,0
38502217,Waltrrrrr,0,0
38502324,Hoi5000,0,0
38502550,Dxlore,0,0
38504008,MiedoAlasMujere,0,0
38504770,neeberohan,0,0
38505812,alan1231,0,0
38505947,Pateeeeeee,0,0
38506828,mmariofish,0,0
38507045,POLLOUNUV,0,0
38509197,"1036917498a",0,0
38513168,Fuku-chan,0,0
38514963,Haveron,0,0
38515509,Oliversim123er,0,0
38517431,"20081111",0,0
38519266,lanceichi,0,0
38519363,THLYY0912,0,0
38521846,NotEvenMcMad,0,0
38523464,Archlonixcom,0,0
38523689,cheese lover,0,0
38524273,Hampedampe3000,0,0
38527742,ginja ninja 987,0,0
38528255,pitomikan,0,0
38528378,Shinji123123,0,0
38531338,Glinomesssi,0,0
38533158,sympxthy,0,0
38533180,Lotus_73,0,0
38533540,proser_228,0,0
38533774,rozkurwiator73,0,0
38534856,S1int,0,0
38534886,QUEASO,0,0
38535611,govno3000,0,0
38536102,swaggyblackjew,0,0
38539270,Orion_259,0,0
38539520,aadorrees,0,0
38541548,regeleabi,0,0
38544131,Kamaku,0,0
38544317,ByKara,0,0
38544562,crazyapple,0,0
38544941,Jamestyawatafa1,0,0
38548684,akledik,0,0
38548847,Usrsirt,0,0
38551851,JMM_,0,0
38554149,kiellety,0,0
38554403,Sunshiny,0,0
38554411,K1ttyz3n37,0,0
38554605,altyxa,0,0
38554949,Andrey_255,0,0
38555483,MissFit,0,0
38555619,Qlockworks II,0,0
38556074,Itz_Swagger123,0,0
38558045,buttercupixel,0,0
38559191,Ramif,0,0
38564586,Lettucey,0,0
38566038,papycristian,0,0
38566497,garvinyt,0,0
38566605,yumihu,0,0
38566614,coupixs,0,0
38566723,chiseku,0,0
38567006,Rtranx,0,0
38568363,BryanWithSauce,0,0
38568662,alower5802,0,0
38568882,socute_old_9,0,0
38569226,dean33321,0,0
38569462,Alan1125,0,0
38571699,unrealperson459,0,0
38572846,Yairoo,0,0
38574895,Camper666,0,0
38580852,AzureLch,0,0
38582610,AbeSie,0,0
38583461,fortnitedih,0,0
38587271,SoyNitaa,0,0
38588190,spoconyzuraw,0,0
38588266,maks23,0,0
38589336,ChloeOnTop,0,0
38589532,xzwerxz,0,0
38592345,Yopip,0,0
38594385,lexdev,0,0
38596593,kvbaa25,0,0
38597290,agarafile,0,0
38597884,LXDR,0,0
38599936,mamvpici,0,0
38601480,nanyu,0,0
38601662,jabiboi,0,0
38603544,ferizadm,0,0
38606419,emiii1l,0,0
38606827,kyojitsu,0,0
38607888,grimss,0,0
38610678,miami62,0,0
38611174,juty1337,0,0
38611784,Benzahen10,0,0
38612623,ClumsyShiina,0,0
38613487,unknown_zero,0,0
38613635,Tande_agm,0,0
38614819,xiaozhuzhu,0,0
38616031,zombiehead59,0,0
38618914,Winchestersha,0,0
38619263,Vesperia,0,0
38621869,stibsil pranoct,0,0
38622812,cyrzione,0,0
38623264,T3cN0,0,0
38624793,hemorrhoidhero,0,0
38625483,malouid,0,0
38626078,GEN t3xture,0,0
38626421,Scarlet_Halogen,0,0
38626765,goukinanoda,0,0
38627137,meranchorika,0,0
38628789,dixon_cox,0,0
38631664,krishis,0,0
38632189,enzil,0,0
38634876,wiksiax,0,0
38635327,sinchanea,0,0
38637239,gustambinprime,0,0
38639117,BREAK_FALLEN,0,0
38639198,gasirad,0,0
38644086,edge2549,0,0
38647917,ura_rear,0,0
38650361,omgpavkin,0,0
38650784,dargeli,0,0
38650932,sleepykittyxd,0,0
38651582,Relatedmoose,0,0
38652158,diet_coke1,0,0
38652228,cyl00523,0,0
38652324,Hanhan001,0,0
38653692,guyguzAA,0,0
38660039,fuziobs,0,0
38660143,hongshu4994,0,0
38660480,efeerdem0,0,0
38661858,ipatik,0,0
38663355,mango1721,0,0
38664595,Seejey,0,0
38665222,kavo20,0,0
38666498,BeaverMusic,0,0
38668237,Ka1ser_223,0,0
38668857,Reploid486,0,0
38670307,mytz0703,0,0
38670404,skibidireal,0,0
38670824,krovoprolitie,0,0
38671815,toooo,0,0
38672313,"1nfin1te_old_1",0,0
38673465,kevingamer863,0,0
38676449,Naiki_,0,0
38677000,maidenless111,0,0
38677205,_SeReN_,0,0
38677372,chiikabu,0,0
38678212,artembitman,0,0
38680100,black_spawn9,0,0
38683595,SansJr777,0,0
38684681,edyyyyy,0,0
38685728,diqui402,0,0
38686776,purplesheepnew_,0,0
38687712,Jovan58,0,0
38688234,"2packamzfk",0,0
38690176,Yennaa_old_1,0,0
38695244,reaktor1040808,0,0
38695321,Alytaus Lageris,0,0
38696166,gotlichen,0,0
38696711,sangenkishi,0,0
38697400,NTH31,0,0
38697767,Fawlks,0,0
38701308,Lanyansfanaria,0,0
38701677,szymsz,0,0
38702531,outboi,0,0
38705206,JK666_old_4,0,0
38705322,Qingyang,0,0
38705998,monkey0_o,0,0
38707148,natalg,0,0
38707376,Nytr4,0,0
38708018,osu ali sarkar,0,0
38708038,DilatedPupil,0,0
38708125,Shade08,0,0
38708543,IsThisShadow,0,0
38709102,melqif,0,0
38709467,ItzHemet,0,0
38711201,shadox-fr,0,0
38712304,vin hxh,0,0
38712670,yvonnemalley,0,0
38714108,skuxyjr859,0,0
38714456,EllaIsAPoet,0,0
38714609,monsterpaws,0,0
38715805,anto menang,0,0
38716563,xlrvz,0,0
38717113,skel1g,0,0
38717201,parcerito420,0,0
38719012,omomadcat,0,0
38719222,I love snowkapp,0,0
38721666,Quite08,0,0
38723031,salofolina00,0,0
38723195,Liquid_x22,0,0
38724555,Mapex01,0,0
38724625,Melinoushhe,0,0
38724668,Mansolenri,0,0
38724928,nanito_59,0,0
38725818,M3RDY,0,0
38726067,L810,0,0
38726464,ArtikHi1,0,0
38727168,correawxz,0,0
38727402,lncn,0,0
38728544,papapupa,0,0
38729685,Hepeny,0,0
38730942,imbered,0,0
38731422,Sskhm1350,0,0
38733806,blackchenel,0,0
38734674,pew_bip,0,0
38735421,putidestro,0,0
38735652,rexkzo,0,0
38735944,she1dan,0,0
38736789,NIKKO_ADAMO,0,0
38738176,Zakon,0,0
38739955,plushii_old_2,0,0
38740687,Meeboyd,0,0
38740827,Challe360,0,0
38741847,a_small_dove,0,0
38743099,hanwoo99,0,0
38743332,tnh,0,0
38744117,na_www1i,0,0
38744279,IunoChan,0,0
38744745,nenecyan,0,0
38745812,Erii Uesugi,0,0
38746085,geitegudinne,0,0
38746869,guaguatrito,0,0
38747901,Harikaze Yuu,0,0
38748615,bloodsu,0,0
38748816,m4sh,0,0
38748819,hedsiaktynka,0,0
38749639,iharras6yrolds,0,0
38749760,Luczyslaw,0,0
38749993,Tachnez,0,0
38750037,D_D702,0,0
38750167,taxevasiondoer,0,0
38750836,Sanxezz,0,0
38753431,Sagenhaft_sose,0,0
38754915,Arnox043,0,0
38756045,dimkayudin,0,0
38756261,alwayscoldgirl,0,0
38756473,ewaew,0,0
38756834,lawburbur,0,0
38757136,phjbunny,0,0
38757680,pilman124,0,0
38757748,Ayata-Manchi,0,0
38759620,eduardokes,0,0
38760130,BENMTP,0,0
38760462,Rowychi,0,0
38760490,ArvaCherryO,0,0
38761720,n0iraa,0,0
38762908,sea-jay,0,0
38764177,vyq,0,0
38764338,Afinuarti,0,0
38764509,FALLKER,0,0
38764543,delingo2,0,0
38765663,minspam,0,0
38766711,ZolyteLyra,0,0
38766762,AyaAyalol,0,0
38767021,hnalm,0,0
38767387,argonautOSU,0,0
38767868,sQw1l1,0,0
38768309,KLi886,0,0
38769131,lupavs2,0,0
38769534,colin003a,0,0
38770555,skiitttlless,0,0
38771137,Duck And Goose,0,0
38771827,Ximickq,0,0
38772852,JawsWhale,0,0
38773123,rfhcsgn,0,0
38774768,LucasMJ,0,0
38775383,lilgafot,0,0
38777079,qrumic,0,0
38777116,Reap_theReaper,0,0
38777563,Ale08886,0,0
38778995,xNeo724x,0,0
38779034,ParryGod334,0,0
38779053,R12y,0,0
38779660,evyatar12,0,0
38779696,milki0703,0,0
38779813,Rivetka,0,0
38780438,saiwexe,0,0
38781483,hinge,0,0
38781697,Kaegja,0,0
38782237,haider04,0,0
38782617,rip_ivo,0,0
38782700,xdstandish158,0,0
38783334,AfRain52,0,0
38784350,Sheira,0,0
38787036,Meowish,0,0
38787167,FURYOFAMENACE1,0,0
38787371,porllya,0,0
38787763,Death_ByCorn,0,0
38788057,PixYvel,0,0
38788369,Dimonbion228,0,0
38789654,Skupiduu,0,0
38791133,Lov3lyPsycho,0,0
38791556,Thegamingturtle,0,0
38792267,dizzywizzy,0,0
38793605,wisi3nka,0,0
38794121,packrunner,0,0
38794408,Kabba,0,0
38795165,Auntie,0,0
38795226,W1nrry,0,0
38795672,MAL3T4222,0,0
38796784,dancin9000,0,0
38796822,Albert30_06,0,0
38797171,ZanyaTsuki,0,0
38797604,insanitzy,0,0
38797873,IAN090,0,0
38798198,Gomaaaaa,0,0
38799257,notmgl,0,0
38800201,superfentnivy,0,0
38800790,radioquack,0,0
38800953,ovo555,0,0
38803181,Nazza9k,0,0
38804591,ENIGMA-Marcom,0,0
38804971,"111memo11",0,0
38807802,valtkigy,0,0
38808633,giggletron258,0,0
38808877,teru314,0,0
38809543,xhinny boi,0,0
38810106,dreamcast12,0,0
38813671,owensbigbelly,0,0
38814079,guanlyn,0,0
38814372,Hoshim0usse,0,0
38814901,Mil_1,0,0
38816312,Viktorika,0,0
38816428,hakuyo_old_2,0,0
38817409,Yanako,0,0
38818160,LexoKrassEi,0,0
38819411,Su1t3k1,0,0
38820241,Mexorcist,0,0
38821274,pitamaru,0,0
38822103,eurras,0,0
38823311,maumauu,0,0
38824236,murmurmurgav,0,0
38825044,kindaiki,0,0
38825210,castlevanial,0,0
38825372,Killer_QueenN,0,0
38826181,salemkira,0,0
38826281,XwuwyX,0,0
38826703,gargi222_,0,0
38826951,Rubensohn,0,0
38827132,dhydhy,0,0
38827198,fasz1,0,0
38827682,koneko lover,0,0
38828501,Angelodav7,0,0
38828788,rappingguy,0,0
38829350,HinataPaul,0,0
38830403,enternayyy,0,0
38833482,AngelGaby,0,0
38833603,KhoiVu,0,0
38835121,Squ1drax,0,0
38836701,torforfe,0,0
38836746,wnheel,0,0
38837118,crickrock,0,0
38837354,Novelix,0,0
38838374,BananaMan123,0,0
38839599,coalsword,0,0
38839800,Cherr,0,0
38840398,hhhsss819,0,0
38841174,c-p-y,0,0
38842110,marinalex,0,0
38843070,bukAbramik,0,0
38843151,bulgotnik_89,0,0
38844948,Mayaak,0,0
38845174,AstroKnightt,0,0
38845481,DJdubs,0,0
38846072,br4ndxn,0,0
38846405,Shlepok52,0,0
38847340,NateHimself,0,0
38848168,Kweyz,0,0
38848630,Pixelplace,0,0
38848745,JAMinh,0,0
38848882,xXLunaXx,0,0
38849138,getever,0,0
38849996,ajitsaro,0,0
38851263,Felix1500,0,0
38852262,benjamim777,0,0
38853409,Atriyuu,0,0
38853945,alexousse,0,0
38854458,slise266,0,0
38855489,AdoSupremacy,0,0
38855886,cutevolcel,0,0
38857535,GlibGlab,0,0
38857861,cQuatro,0,0
38858518,Quiet_,0,0
38858595,M1inimann,0,0
38859195,Foxsay,0,0
38860639,gejspartanac,0,0
38860966,SpecterVoid,0,0
38861760,vinj,0,0
38862425,vLKD,0,0
38862851,Clodsire_,0,0
38862908,leozin_38,0,0
38863442,KawaiiTsundere,0,0
38865083,VirtueDiligence,0,0
38865337,KillerrLowKey,0,0
38865561,venferss,0,0
38865716,SrakenPierdaken,0,0
38865925,kixc_z,0,0
38866929,Ryou-Yamada,0,0
38867743,psychologic,0,0
38867861,Fire Moon,0,0
38867894,oxuhzzz,0,0
38867944,awphero07,0,0
38868079,Dre4mC0re,0,0
38868406,xksjjdk,0,0
38869802,avasa,0,0
38870348,mami_sakura,0,0
38870490,feizhuzhus,0,0
38872698,remdog,0,0
38872779,chillingmoose12,0,0
38873072,Drogui,0,0
38873179,chmok110,0,0
38873899,DT RyZe,0,0
38874677,lirishayu,0,0
38875186,palekam,0,0
38875693,Teeqzzz,0,0
38876490,toesliskarn,0,0
38876535,U300B,0,0
38877102,bugarin777,0,0
38877919,leelordee,0,0
38879109,danielsx,0,0
38880238,Slivky1805,0,0
38880303,Levvvv,0,0
38881234,helpkrill,0,0
38881959,Qwerty1_old_11,0,0
38882371,waxesy,0,0
38882535,NeoxSouls,0,0
38883302,bachira13214,0,0
38883842,zImperfection,0,0
38885076,bulbajir228,0,0
38885859,Epoint,0,0
38886737,tudou0430,0,0
38887593,phago,0,0
38887641,Akemi x Homura,0,0
38887948,papitkovsky,0,0
38888054,alanala,0,0
38889527,Cosfizzy,0,0
38891144,wareiogdu,0,0
38891845,lindalinda930,0,0
38894516,Ssol3r,0,0
38895192,zeesh,0,0
38895654,Sete Noites,0,0
38896117,ImTrashy,0,0
38896333,AkiAdagaki,0,0
38896465,Rymee,0,0
38897200,lxiyueI,0,0
38898518,Alma8765,0,0
38899304,Choko92i,0,0
38899603,chichx12,0,0
38899830,surrealeggs,0,0
38900099,AtomicSamurai,0,0
38900133,ikyoss,0,0
38900270,VeinHard,0,0
38900511,MiataEnjoyer123,0,0
38900869,odt,0,0
38901450,trollcatgirl,0,0
38903275,AkumuCH4n,0,0
38903287,Seira_Neko,0,0
38903364,AlonsoGUerra,0,0
38903626,Luluzetty,0,0
38903726,snowtrash,0,0
38904271,rennymaw,0,0
38904294,Bwight,0,0
38904426,Vkyz,0,0
38905637,cebolot,0,0
38905735,jankeyleg,0,0
38905795,kisnthere,0,0
38907701,Cupi22,0,0
38907974,grassfield1011,0,0
38908120,SimpleLove,0,0
38908681,Stormyprime,0,0
38908699,Gabosutro,0,0
38909749,thedangerxd,0,0
38910166,gomoDRILL,0,0
38911659,hazeluke,0,0
38915226,FL4SH7,0,0
38915472,Owen_w12,0,0
38916609,roart,0,0
38917564,carpycarp,0,0
38917764,kuzina_77,0,0
38918333,rei_0604,0,0
38918503,winkeyzane,0,0
38918704,kiyazu,0,0
38919552,furri2004,0,0
38920403,RafaelN,0,0
38921073,Plexed,0,0
38921871,Terry45534253,0,0
38922585,akirafubuk1,0,0
38922695,Tixme_,0,0
38922859,hye__min,0,0
38923123,"2cm",0,0
38923474,LiCiMeR21,0,0
38924696,Hungday,0,0
38924796,guu-taro,0,0
38925027,wizumi,0,0
38925082,Jotaroeuf,0,0
38925564,"1zL",0,0
38927154,yvnhui,0,0
38928199,ZON_old_6,0,0
38928431,steveman1201,0,0
38928570,XF31ovo,0,0
38928882,nicknameliterb2,0,0
38930411,mmirg,0,0
38930533,fallensouthern,0,0
38930630,ZIKIOXO,0,0
38933579,wirppix,0,0
38933754,Awkuw_35,0,0
38933995,lucasg,0,0
38934104,hope37564,0,0
38934417,catyasuna,0,0
38934739,phishy_old_7,0,0
38938664,kosenlaineins,0,0
38939447,"2543024842",0,0
38940680,HTpesle,0,0
38940965,chxrzy,0,0
38942312,Korizuzz,0,0
38943822,muo118,0,0
38944514,Giovann1,0,0
38944809,yuikno1,0,0
38944849,YANNNNnNN,0,0
38945053,Mandalina77,0,0
38946316,natcb,0,0
38947846,Huss-Le-Renoi,0,0
38947936,Avalorantszar,0,0
38948387,alles liebe du,0,0
38948636,Alexmal_10,0,0
38949854,kkurr1,0,0
38950721,icy322,0,0
38952909,yukelin,0,0
38953090,SultanX,0,0
38953246,KraKerSs,0,0
38953875,Mcahrakn,0,0
38954025,nokrex,0,0
38954874,gryolskr,0,0
38955018,enxo_0,0,0
38956372,NerddVR,0,0
38956392,Feuerkaiser,0,0
38956586,aqywifl,0,0
38956591,cloudz-_-osu,0,0
38957640,kavor4k122,0,0
38958228,ArmaluvsT,0,0
38958645,qiq46,0,0
38959545,Rayfield,0,0
38959978,fkr1234,0,0
38960541,HourGlob,0,0
38961636,IAmKira89,0,0
38961788,Tw0gambler,0,0
38962379,peak_phy,0,0
38962593,CCastillo,0,0
38963086,Bevyi,0,0
38963493,Wortox17,0,0
38963661,Alexbhes,0,0
38964024,wiznik,0,0
38964201,s1uxuryy,0,0
38967724,nebulafox,0,0
38967949,Lanten14,0,0
38968063,english su,0,0
38968426,khoaghhh,0,0
38969691,LynarAvery,0,0
38970757,yzckimoi,0,0
38971083,"2dKum",0,0
38971540,dashamimisha559,0,0
38972579,kkiixeet,0,0
38972586,weisqrt,0,0
38972825,Ghastlywolfz,0,0
38972846,Don Quxiote,0,0
38973571,sisibisi,0,0
38974450,V4NTH,0,0
38975331,BennyTVZ,0,0
38975465,fergaloo,0,0
38975504,Shermin03,0,0
38975956,sdfgdgg,0,0
38976155,wr3nchsr,0,0
38976280,ejderha20123,0,0
38976304,masa2580,0,0
38976398,sslurrmmayaa,0,0
38976500,okayyy,0,0
38977052,meepxo,0,0
38978087,Tomy67,0,0
38978616,mailo3454,0,0
38979214,kkt12345678,0,0
38979545,AA1205,0,0
38979651,GreatGalant,0,0
38979656,Elster_old_7,0,0
38979734,megafool,0,0
38981368,natsumeshizuku0,0,0
38981804,konkoa,0,0
38982143,weeping4ever,0,0
38982664,wpaht,0,0
38983320,httpskumagei36,0,0
38983584,Saikoq,0,0
38983611,cosmoofins,0,0
38983684,Nigorek,0,0
38983903,Kirito04227,0,0
38984814,VanekPenek42,0,0
38985013,Wondo,0,0
38985705,DIMDOM1405-7,0,0
38986231,PyssAwesome,0,0
38986632,Jwchen570,0,0
38987105,cottontoko,0,0
38988116,kvszin,0,0
38988800,VPHGAMINGTV,0,0
38989113,Himekurasan,0,0
38989890,xieosu,0,0
38989986,zazaneee,0,0
38990058,sstlush,0,0
38990183,SKZOO,0,0
38991412,Casutieru,0,0
38992201,Merinxhi,0,0
38992667,astrafnr3,0,0
38992945,Aleril-,0,0
38993413,Zaynasa,0,0
38993775,elramdom,0,0
38994151,CosmicKittyy,0,0
38994648,aaaaaaaaaab,0,0
38994756,maszxx14,0,0
38995465,yujitoru,0,0
38995634,oqixy,0,0
38995765,musicfiend,0,0
38996209,ciaonelamanana,0,0
38996608,zss110166,0,0
38997720,Wojtarou,0,0
38998224,FARTmaster69,0,0
38998518,poobi,0,0
38998758,bigbosssolid,0,0
38998837,Kaizukiee,0,0
38999274,FatalMean,0,0
38999353,iamkryptics,0,0
38999951,daay,0,0
39000124,hitobito,0,0
39000286,qslg,0,0
39002043,Ilyana,0,0
39003391,Dadde67,0,0
39004274,Grace1207,0,0
39005368,yazinho,0,0
39006183,dylanosaure,0,0
39007543,Dashle_old,0,0
39008113,Tianmo_7,0,0
39008759,Squidlybunch,0,0
39009109,SPLASH_NOT,0,0
39011021,Jaekevk,0,0
39011029,Shello114514,0,0
39011584,Toast_69,0,0
39011827,akitaqq,0,0
39012067,Aoiro Tsunagaru,0,0
39012255,Niko990,0,0
39012825,An_Yi_Jian,0,0
39014203,Ryudi,0,0
39015443,webbeupfr,0,0
39015902,frailway,0,0
39016001,xtermityx,0,0
39016199,CandleCove,0,0
39016317,ddm0s,0,0
39016448,L0UD4WGG,0,0
39018552,pedofilegandon,0,0
39018588,ALFRED123,0,0
39018600,pedrojesus,0,0
39018945,SaifhaLap,0,0
39019313,killua_zxc,0,0
39019662,Sergio03,0,0
39020418,dvandriska1,0,0
39022023,cretxu,0,0
39022082,TheKusher,0,0
39022340,normal name lol,0,0
39023272,Ariq,0,0
39024049,yuudayo,0,0
39024377,yoriwhite520,0,0
39024557,IDONTWANNAPLAY,0,0
39025010,Fernclaw,0,0
39025136,PERULOVER,0,0
39026024,AiMer9485,0,0
39026399,Skationish,0,0
39026982,gabbxstfuu,0,0
39026995,Nenexz,0,0
39027092,Nitrociris,0,0
39027483,Ghost141HTX,0,0
39027716,itsvortex869ttv,0,0
39029147,Sway 777,0,0
39029222,wallaby kid,0,0
39029376,juanito909,0,0
39029456,Pokytitan,0,0
39029802,soulpower,0,0
39030499,Gapik123,0,0
39030707,kenji nakagima,0,0
39031074,fish12,0,0
39031448,XIXIxixi,0,0
39032900,kartas,0,0
39034080,sherbet14,0,0
39035520,FriedBolos1OwO,0,0
39036032,IAmBob108,0,0
39036333,wavenjoyer,0,0
39037112,zxcaxmedd,0,0
39037138,LucaRay,0,0
39037795,kamilox,0,0
39038165,jce666,0,0
39038945,kiwa12,0,0
39039095,SalamanderKr00l,0,0
39039668,larry_caverga,0,0
39039739,Bardock_311,0,0
39040119,katukatu,0,0
39040160,meeqwikk,0,0
39042670,tiny_giant14,0,0
39044337,Sacrificed,0,0
39044549,naylee,0,0
39044598,baabiixdlol,0,0
39044896,UAan3r1an,0,0
39045740,thebluemaster1,0,0
39046369,NINO67,0,0
39047364,Larryear0206,0,0
39047762,Twitcher,0,0
39048493,MoonDZ,0,0
39048571,Lavaca,0,0
39050025,antoomvv,0,0
39050215,Lisek303,0,0
39050975,Caleb_,0,0
39052672,Wasdcito,0,0
39052677,BentoAS,0,0
39053799,wwpika,0,0
39054670,GermePigeon2440,0,0
39055420,bebe28,0,0
39055890,aguu_iv,0,0
39057669,A1ek22,0,0
39057783,JuannexS,0,0
39058311,Mouzzer,0,0
39059203,Scarlett_ljy,0,0
39059503,takeshi097,0,0
39059572,xorkya,0,0
39059831,Lofede4d,0,0
39059937,tumikitatata,0,0
39060538,garittyu,0,0
39060856,V8N,0,0
39060965,dbstj1123,0,0
39061104,osu aimer,0,0
39061942,Sim_Sim1402,0,0
39062940,duili1260,0,0
39064616,Packata,0,0
39065963,KGV,0,0
39066684,vodka1323,0,0
39066917,zhzdhdzh,0,0
39067109,Kyupie_7,0,0
39067936,DayteDetyamLSD,0,0
39068554,zvepsina,0,0
39068644,zol-ter1377,0,0
39068846,RealOakley,0,0
39069084,sleepysydney,0,0
39069802,Shadow_1,0,0
39070387,spookie9100,0,0
39070564,Foxy7,0,0
39071368,hotanimegirl74,0,0
39071454,SADO1902,0,0
39072187,alstnchl153,0,0
39073528,warrions,0,0
39073887,Pomber4e,0,0
39074228,FurkanNuri,0,0
39075443,dogzaz,0,0
39076992,Flashhero83,0,0
39077536,huntinwabbit,0,0
39077591,Snaizu,0,0
39077628,inemuri_dayo,0,0
39078131,YorkAnchorage,0,0
39078589,Whe_qu,0,0
39078610,merc_old_3,0,0
39078864,oh_shit,0,0
39079631,HAYSED,0,0
39079870,Xifrancoix_yoi,0,0
39080773,lingyu18,0,0
39080908,joaozinncunhaa,0,0
39081086,nacoaxi,0,0
39081140,Synthwavejojo,0,0
39081430,alatai,0,0
39082123,MatyMTS,0,0
39082523,ibukiyama,0,0
39085784,danone014,0,0
39086280,benja2334_xd,0,0
39087469,FloppyOSU,0,0
39087741,fviell,0,0
39087963,ImPluto,0,0
39088041,eclipserrr,0,0
39088420,taptanhchoigame,0,0
39088421,black2115,0,0
39091269,tseod350,0,0
39091452,Phoenix_Didas,0,0
39093819,thsCoyote,0,0
39093972,Keke_DU1,0,0
39094187,tythefeen,0,0
39096253,scodess666,0,0
39096554,OCEANNNN,0,0
39097535,HiraHan,0,0
39098102,SZF,0,0
39098327,bober43345,0,0
39101025,LEBGage,0,0
39101649,Munch5,0,0
39101684,Santi464837,0,0
39101789,Matsu555,0,0
39101982,manzanitauw0,0,0
39102138,kelcifer_,0,0
39102157,willyiamz,0,0
39102506,"5566",0,0
39102711,mlserm,0,0
39103040,bakuho,0,0
39104447,Zuruiiiii,0,0
39105824,cianothebeano,0,0
39106049,valeriena,0,0
39107717,albyxi,0,0
39108710,kl3mchIps,0,0
39109220,Berkay2000,0,0
39110994,megafierki,0,0
39111327,mivo,0,0
39112257,Brianyy,0,0
39113161,Thorns,0,0
39113718,Lil_Boi,0,0
39114122,sxcrt,0,0
39118295,LuanXD,0,0
39119168,Valkyrr,0,0
39119432,KabeyBabey,0,0
39119857,kslhe,0,0
39120728,Mef_Daan,0,0
39120931,hungry_hid,0,0
39121195,Toto372822,0,0
39121720,rewikgsss,0,0
39121736,tfaurafarmer,0,0
39122556,HTPKMon,0,0
39123398,LazarR12,0,0
39124405,MrCamel999,0,0
39124709,rentierza,0,0
39125094,bebera,0,0
39125109,Hilo_two,0,0
39125312,Nisnasnuss,0,0
39126350,VEGUETS,0,0
39126536,lazzikorn,0,0
39128877,Timson_old_2,0,0
39129002,ar1juks07,0,0
39129073,Kaaarsten,0,0
39130504,jaik ksz,0,0
39132154,hoshikasu,0,0
39132894,adowahdh,0,0
39133182,Liebe_seele,0,0
39133311,"74384dreakdrea",0,0
39133422,M02A,0,0
39133700,_DOMINATOR_,0,0
39134705,MasterCiak2018,0,0
39135003,OlliZeGerman,0,0
39135107,myakish_,0,0
39135222,ktosinnyez,0,0
39135528,Grande17,0,0
39136224,kimo133707,0,0
39136248,cini4ka,0,0
39137138,loost153,0,0
39138044,coolcyber27,0,0
39138690,hetachad,0,0
39139141,saberAR233,0,0
39140170,ll_iar,0,0
39140415,qingyyyuan,0,0
39141632,Sapoto,0,0
39143951,doraimon138,0,0
39145102,Listina_lr,0,0
39145142,H1ldz,0,0
39146161,aro666,0,0
39148905,jean voilasoce,0,0
39148978,robinyan,0,0
39149140,sethhunterr,0,0
39149288,Giulix,0,0
39150469,edogshih,0,0
39150793,alex2007215,0,0
39151034,sezam_3k,0,0
39151761,cesnae,0,0
39152251,mandarinkaaXD,0,0
39152405,skyph1x,0,0
39152494,kobiiz,0,0
39153003,fkghjkl,0,0
39153143,mathiscool,0,0
39153645,idndps,0,0
39154362,PaulNova7410,0,0
39154442,gumul,0,0
39154554,Guxx_tavinn,0,0
39154608,Calliforniana,0,0
39155968,haniaxx47,0,0
39157796,koongun1419,0,0
39158257,FlowersUverMe,0,0
39158375,sadhome,0,0
39158379,XIAOREN2497,0,0
39160545,Pro243923,0,0
39161439,neri_chu,0,0
39161520,Plntrol,0,0
39162289,Vamp1s_s,0,0
39162949,mylancoree,0,0
39164756,dianon,0,0
39164891,m0on9447,0,0
39165723,furixion,0,0
39166013,hallzers,0,0
39167202,fazmir,0,0
39167736,Skibidiboi,0,0
39168301,PIPIPIl,0,0
39169943,shanix,0,0
39170697,pUmpkInjAck,0,0
39171681,jp exclamation,0,0
39171808,Gojo131,0,0
39175395,JettyJedi,0,0
39175622,Karlll_,0,0
39175928,HBK_NKM,0,0
39178024,ySuky,0,0
39178727,yurrow,0,0
39179674,Tumppeli,0,0
39179746,Getsomepunk111,0,0
39180737,capis,0,0
39180892,Cekata HD,0,0
39184243,AdmSillyPizza,0,0
39184402,Yakob3027,0,0
39184980,Coatvr,0,0
39185406,raquetaxz,0,0
39185963,somik_domik,0,0
39186259,FriedPengu,0,0
39186537,SCC,0,0
39186954,Hilo2454,0,0
39188227,miklepikle,0,0
39188411,Vlake0,0,0
39188551,tuffguy89,0,0
39188989,ratil,0,0
39190333,we12345,0,0
39190956,LINUX_rar,0,0
39210874,anoymous07,0,0
39210875,Vadosss,0,0
39211026,lovelorns,0,0
39211156,swiftrabbit,0,0
39211442,noe_202068,0,0
39228315,Headysurviv,0,0
39229106,straenj,0,0
39230272,ylfyaw,0,0
39230443,lyc2o,0,0
39230601,M1m1_old_8,0,0
39231182,BoilingDragon,0,0
39231503,melanin che,0,0
39231620,gnida228,0,0
39232148,Nahaa66,0,0
39232617,shuz1,0,0
39236352,TFenrir,0,0
39236364,kanuto5252,0,0
39236436,gerhofon,0,0
39236485,wshz,0,0
39236531,acornhamster,0,0
39238261,TheDog_Apollo,0,0
39238749,kyosuke112,0,0
39239827,vocare00,0,0
39240231,KinK_G07,0,0
39240476,idkbwo,0,0
39240922,Nymeline,0,0
39241878,ForsakenPlayers,0,0
39243314,UMARUKAWAII,0,0
39243742,kales34Br,0,0
39243984,ko2osu,0,0
39244426,pundik31,0,0
39244792,xn6tery,0,0
39245495,megagash,0,0
39245763,noresoncrew,0,0
39247641,willis01,0,0
39247738,Azardel,0,0
39248079,Amit4723,0,0
39248247,Sjrcm,0,0
39248762,Hlu1x,0,0
39249727,theHandMan,0,0
39250120,Sunny ID,0,0
39250650,olegplo111,0,0
39250694,Joe187,0,0
39250790,Winkeltjejaap,0,0
39251420,bandika,0,0
39251690,Dembelee,0,0
39252455,littlestjeff1,0,0
39253233,saibot555,0,0
39254155,supermarker,0,0
39254845,nukopyoi,0,0
39255000,vlotimosew228,0,0
39255346,kotlevs,0,0
39256615,Yxzuzzz,0,0
39256786,veqwhysor,0,0
39257003,TojiFushiguro74,0,0
39257601,Viruuxxz,0,0
39258021,ZehraHime,0,0
39258154,Dacless,0,0
39258656,XAnxgelX,0,0
39258940,assasa,0,0
39260192,Craazzy,0,0
39260517,angel_072712,0,0
39261198,timoxha001,0,0
39261598,sdoix,0,0
39262278,aemii,0,0
39262413,lukiedookie123,0,0
39263256,pon4ic134,0,0
39265075,Limbu,0,0
39265513,xuxudelicia,0,0
39266333,Profound_Bas3rd,0,0
39268060,Beef is Tuff,0,0
39268224,Zrzutube,0,0
39268725,yami gokou,0,0
39268851,Guest39,0,0
39269118,ametistovv,0,0
39270840,axteria,0,0
39271054,Fabian122,0,0
39272991,Bokoesamtesla,0,0
39273077,akiraasamaa,0,0
39273169,pranzisco,0,0
39273282,LIONDRA_52,0,0
39274053,donguri022,0,0
39274358,Kenophy,0,0
39274435,Stariiberry,0,0
39275076,Signal lost,0,0
39275623,gabrielbatat_a,0,0
39275766,dizzyco,0,0
39275790,kritpai93z,0,0
39276549,acitt,0,0
39280720,LeeWoobe,0,0
39283005,monarch65498,0,0
39284831,Dani2000,0,0
39285097,Aprylcott,0,0
39285902,Yerijiwon,0,0
39285984,wickalatookins,0,0
39286156,Utopiaaa,0,0
39286290,rostokss,0,0
39286626,evanthecringe,0,0
39287247,UN PORO,0,0
39288046,"6Z-zzzzz",0,0
39288107,JuJu_is_Cuckoo,0,0
39288581,qwsdhgblm,0,0
39289688,DemonEye_0,0,0
39289976,Clinkz,0,0
39290140,coiretyn672,0,0
39290390,demonicfoxx77,0,0
39290597,RemXZEED,0,0
39290878,Lelecasti12,0,0
39291634,somebodi6346,0,0
39291764,wedsik,0,0
39292781,motorbread,0,0
39292955,czornyy,0,0
39293381,paw boy,0,0
39293549,Oscarsdsds,0,0
39293792,Windchimes_old_3,0,0
39293895,Stellarmute,0,0
39294824,jemoozu,0,0
39295099,TROK_SS,0,0
39295285,guwnopsa1,0,0
39296087,exoss,0,0
39296513,THZINhokkkk,0,0
39296542,bosschhs123,0,0
39297525,ANYCASA,0,0
39298590,micdon,0,0
39299134,band_2,0,0
39299893,olitae,0,0
39300258,nonoaa,0,0
39300458,guifrabu,0,0
39300734,Sam1487,0,0
39300945,nardhard,0,0
39301830,BuIka,0,0
39301951,MurphyOctopus,0,0
39302921,reppeP,0,0
39304992,Ntprrt,0,0
39305044,Vivlos lover,0,0
39305678,juzyqw,0,0
39306971,volta_neko,0,0
39307818,Journicfam,0,0
39307965,bubbywubby,0,0
39308098,takodesu0321,0,0
39308995,IvyHoney,0,0
39310395,ABZZINO,0,0
39312014,asmrr,0,0
39312889,lionhearbreak,0,0
39313140,poocus,0,0
39314929,Nikson_32,0,0
39315269,Diakon00,0,0
39316354,Effortrss,0,0
39316966,EnjoKe,0,0
39317346,Banana07,0,0
39317441,Geakitty,0,0
39317889,ZupaGrzybowa,0,0
39317910,veils rl,0,0
39318169,KeithDraconic,0,0
39318778,Futurethx,0,0
39318811,ivory5100,0,0
39319983,Hikari Hoshino,0,0
39321102,Aldrei,0,0
39321655,zorya,0,0
39323230,RoxaneVale2006,0,0
39323298,licass,0,0
39323366,Gabbb,0,0
39323484,rabscat,0,0
39323624,karlus,0,0
39324292,ballerballer1,0,0
39325111,SonicSegFault,0,0
39325503,IXiR,0,0
39325514,caluuumero,0,0
39326663,ihah-ihah,0,0
39326856,genyty_,0,0
39327261,queefmaster,0,0
39327613,kakav2,0,0
39327970,mieloss,0,0
39328190,manetame,0,0
39328377,Ljuki,0,0
39329186,pochesito,0,0
39329368,percaleyder,0,0
39330339,Sir_anchous322,0,0
39331782,zxconvers,0,0
39332233,deimudda123,0,0
39332589,crossxxx28,0,0
39333510,marhuster,0,0
39333550,saikii_,0,0
39334593,Ryx1sQQQ,0,0
39335209,boyburger,0,0
39335297,hanae_hani48,0,0
39335330,Atenavxz,0,0
39335578,szbelinhaa,0,0
39336188,maxside,0,0
39336521,jojo52,0,0
39337122,DadoVatra,0,0
39337230,Mh_k02,0,0
39337439,bochino,0,0
39337711,Bugcheese,0,0
39338290,haohaojun,0,0
39340024,SimusMus1c,0,0
39340117,boci,0,0
39340138,celi_04,0,0
39340790,z3n1ch,0,0
39342782,drun_fog,0,0
39343641,Pilgrim_soRo4,0,0
39343780,tynkiyy,0,0
39344578,il_next,0,0
39344897,rika10,0,0
39345592,Miggy2312,0,0
39346313,TheMusicalMenQc,0,0
39346403,Antonio32br,0,0
39347612,colobook,0,0
39350052,superlox999lvl,0,0
39350259,xxxShitxxxx,0,0
39351068,lilac6666,0,0
39351704,Azurrez,0,0
39352272,qwzer,0,0
39352614,NicoElPro221,0,0
39352810,hyokapvp,0,0
39352966,XeroAxe,0,0
39353745,korzild,0,0
39354367,br_endann,0,0
39355182,SkyLingzz,0,0
39355527,trueguy43,0,0
39355859,PROTElN,0,0
39356311,rest0524,0,0
39356622,Myriadd_,0,0
39356659,nox_LR,0,0
39357097,SoulEssDot,0,0
39357443,barionq,0,0
39358394,Zen0-o,0,0
39360264,Kaczek074,0,0
39360714,AoiSora7,0,0
39360776,AGbyaka,0,0
39361253,Gunio105,0,0
39361793,Owim,0,0
39362394,Vecna,0,0
39362437,Moxy16,0,0
39363809,Penguini,0,0
39363945,Ponkan1223,0,0
39364456,falezu,0,0
39364918,cororipon,0,0
39366685,ItsPinkie,0,0
39366743,Asta1310,0,0
39367121,Gadrija,0,0
39367418,mehicoo,0,0
39367994,Tortuga30hz,0,0
39369528,pisaaa123,0,0
39369934,dylan_shot,0,0
39371232,Freakra,0,0
39372008,Nastyha321123,0,0
39372160,ratyer,0,0
39372308,AyumiSayuri,0,0
39372496,spongosuplayer,0,0
39372939,purpool,0,0
39372969,Bagronito,0,0
39373543,sotojuli15,0,0
39374390,strawber_rie,0,0
39376688,qurvyy,0,0
39377784,Pablo031,0,0
39377811,KaillX,0,0
39379728,sheiko0,0,0
39380777,Sollbyte,0,0
39380865,Grorange,0,0
39380871,GarBread,0,0
39381015,kinozin,0,0
39381018,GOvNOeDik,0,0
39381153,madsnothere,0,0
39381797,coccoematico,0,0
39382207,Benjaminking1,0,0
39386231,Cx977,0,0
39386393,SmallMonkey,0,0
39386703,tkach,0,0
39387326,kostyanbz,0,0
39388496,soulzoo,0,0
39388515,zero_iksir,0,0
39388588,StockPilot,0,0
39389145,UzWei,0,0
39389531,JiramaJZ,0,0
39389838,nanyt,0,0
39390110,workingpmo,0,0
39390984,MC2111,0,0
39391259,drenadon,0,0
39393888,meow_hihih,0,0
39394196,Rocketeer,0,0
39394351,Tobbu25,0,0
39394649,valefor,0,0
39394765,TaIeK,0,0
39395873,XDX_Froge,0,0
39396076,tacoxz,0,0
39397140,ProfGold,0,0
39397455,khoibatman,0,0
39397688,meowsenia,0,0
39397791,bloom_k3t,0,0
39398259,Flamich,0,0
39398335,fosfofull,0,0
39399542,MrCheese3209,0,0
39400170,brayden1212,0,0
39401857,valtux,0,0
39402121,Hundel,0,0
39402523,marmaladen_,0,0
39403064,leschmo,0,0
39403184,f7rkanemre,0,0
39403903,Bluelabel,0,0
39405547,kaykya,0,0
39405672,stellars,0,0
39406339,Thic_momy_lover,0,0
39406423,nsssd,0,0
39407224,LusiLu,0,0
39408363,xShinryo,0,0
39408794,jello301,0,0
39409122,Terk_Prime,0,0
39409577,symboliR,0,0
39409628,IkBenNoob,0,0
39410851,Raksasi,0,0
39412186,rip22,0,0
39412236,Da Malasada,0,0
39412624,tylip,0,0
39412941,vityatopor,0,0
39413151,EEG69,0,0
39413707,tacawoi,0,0
39414015,treme-tudo,0,0
39415464,Pudss,0,0
39416592,bennsxc,0,0
39416677,AkiYamamoto,0,0
39418820,Lumiere_Lumika,0,0
39418988,Hlebushek475,0,0
39419167,hieuosu007,0,0
39420417,"1092384",0,0
39420788,xlR8WW,0,0
39420918,talosthe9,0,0
39421336,Alejandro_emu,0,0
39421640,CuzImLeft,0,0
39421887,AsdF_Ghjkl2048,0,0
39422150,joshua6108,0,0
39422977,sabidinho,0,0
39423008,adrianiniguzini,0,0
39423156,ubernightzz,0,0
39424024,Snowy_crab,0,0
39424307,Hleb1k,0,0
39425161,elzsijs,0,0
39425634,pidosik2,0,0
39426873,Sknsx,0,0
39426991,Isabella123,0,0
39427049,xhruuq,0,0
39429960,duskwright,0,0
39430672,vaflia11,0,0
39432380,Tenebriz,0,0
39433019,osuwafflemaster,0,0
39435180,BeastOfDarkness,0,0
39435360,bsbserra,0,0
39435392,mirallca,0,0
39435882,oatza,0,0
39436078,fireforce321,0,0
39436176,GDasher409,0,0
39436291,gius3e3,0,0
39436515,strogonofico,0,0
39438646,oooo99ll,0,0
39438688,gergeraser,0,0
39440241,hanhanaooo,0,0
39442789,kpolyan,0,0
39442937,natsuhana,0,0
39443141,PPTT,0,0
39445926,wersetka,0,0
39446264,yaredculon,0,0
39446913,Vaash,0,0
39447134,Andersee,0,0
39448824,joxrv,0,0
39450391,deadworldicon,0,0
39452719,cassu,0,0
39453015,skurpi45,0,0
39453575,JayDWARD,0,0
39453944,gahundzack,0,0
39454045,solo verx,0,0
39454493,Nobody_tall,0,0
39454687,gabnismo,0,0
39454703,ri2u,0,0
39454713,RedYttrium,0,0
39455041,YoRua,0,0
39457506,Jia_Qiu,0,0
39457721,vorazzz,0,0
39458100,Oscatro,0,0
39460432,Devvox,0,0
39461984,itlog,0,0
39462748,wdhasilnd,0,0
39463333,huley,0,0
39463698,KittyClaw,0,0
39463906,adlib_ing,0,0
39464609,Osuman12345,0,0
39464621,tvar552,0,0
39465579,saedsoje,0,0
39468836,Acogue,0,0
39469073,rainya,0,0
39470241,japadagameplay,0,0
39470437,RealKade,0,0
39470907,ekliil,0,0
39471152,su25frogfoot,0,0
39472907,Atomisc,0,0
39473807,kefirrr,0,0
39473929,KralEfe,0,0
39474321,shirobeqq,0,0
39475126,perriwaffle,0,0
39475134,iliketoasties,0,0
39476774,XspectV2_10,0,0
39477202,kirarxy,0,0
39477983,tcarrregrad,0,0
39478010,rr33k,0,0
39478693,"1xoo1",0,0
39479020,marizs,0,0
39479648,werik512,0,0
39479947,mikehatesdikes,0,0
39480370,GETLETER,0,0
39480650,amesho,0,0
39480864,Dev-LeChacal,0,0
39481130,niannet,0,0
39481191,Jontoss,0,0
39481407,AdrianBadi,0,0
39482953,aalff,0,0
39482969,Nwkey,0,0
39485239,dobry,0,0
39485625,MIS0_S0UUP,0,0
39486206,Aitenshina,0,0
39487870,qhsml1221,0,0
39490786,Spice_936,0,0
39492425,Hennry1228,0,0
39494070,fnfboyplayer,0,0
39495103,tzusuki,0,0
39495508,GadPirate,0,0
39497575,ELMATEEE XZ,0,0
39498267,vindomscrindom,0,0
39500985,KEDOU,0,0
39501229,idi naxuy,0,0
39502043,Widow1812,0,0
39502363,AbidzarYW,0,0
39503290,Loanedw,0,0
39506122,Ley_ley_Ley,0,0
39506904,MoonTV1,0,0
39509011,HakunaaMatata,0,0
39509319,eromanga114514,0,0
39509865,lansi,0,0
39509930,Thxsamesoul,0,0
39511075,mmiaap,0,0
39512568,yvxia,0,0
39512849,polka163,0,0
39513186,allegronotafton,0,0
39514647,TheNoob_,0,0
39515417,dxzz16_,0,0
39515619,Breadplayz,0,0
39517287,mangomaru0524,0,0
39517377,Logo_On_Hotspot,0,0
39519766,haku898989,0,0
39520349,Faruth,0,0
39520830,Mahorag,0,0
39521517,rarurero_,0,0
39522789,Hipermateo3,0,0
39523730,WIKTORIA,0,0
39523829,Lost parent,0,0
39523920,Lirum,0,0
39525258,PIDORIK EGORIK,0,0
39525597,EciL,0,0
39525902,dessmass,0,0
39527148,"14101221",0,0
39528396,ilovechino,0,0
39530611,Ryan Camillus,0,0
39530940,stxrshift,0,0
39531141,LU REN,0,0
39531175,edd_8604,0,0
39532567,Darkcrow777,0,0
39533314,EDEN0,0,0
39533717,ZCWinne13ALT,0,0
39534425,Ryuu2,0,0
39534811,kashanfeng,0,0
39535043,RealIronOutlaw,0,0
39535767,Pierce05,0,0
39536544,Ferandz,0,0
39536956,Loker444,0,0
39537600,kollapka,0,0
39537731,Groble_07,0,0
39538391,krismal,0,0
39538484,AdolfMilftler,0,0
39540158,air T7,0,0
39541519,oioi0428,0,0
39543916,samulsalas,0,0
39544032,lil1ko,0,0
39544472,tavin123,0,0
39544728,Riftorious,0,0
39544911,Polishotdog9,0,0
39544936,"4nndy",0,0
39545200,"3Rock0exe",0,0
39546760,Nayutaa,0,0
39546999,SILKY3,0,0
39547636,f1shin,0,0
39547717,Perdyn67,0,0
39549707,Halley_Comrade,0,0
39550134,fallo72,0,0
39550613,bnuyy_,0,0
39551015,Nless,0,0
39551430,jing_08,0,0
39552566,TaggBuske,0,0
39552806,void1ok432,0,0
39553925,cepik,0,0
39554485,julixxcelu,0,0
39554528,c9pas,0,0
39554919,propaghandi,0,0
39555509,hayesisnotcool,0,0
39555561,pzzssy,0,0
39556698,Xinnn0924,0,0
39556795,ByStepler,0,0
39559386,olismola,0,0
39559619,Axonaxis,0,0
39560693,korca,0,0
39562219,MAvlic,0,0
39562943,Catapult2012,0,0
39564377,vladikvladosik,0,0
39564483,Resmic,0,0
39564897,RedSun_TTV,0,0
39564958,naru_5061,0,0
39565085,Ryvnx,0,0
39565695,Pedar,0,0
39566318,akiraxix,0,0
39566504,JustLindo,0,0
39567203,CrusherXero,0,0
39567254,hivess,0,0
39568574,YakodzoSL,0,0
39570228,DocTv,0,0
39570704,akaichouchou,0,0
39573097,mewju,0,0
39573490,raing0d,0,0
39574038,Kudo_Vt,0,0
39574695,minet1k,0,0
39574828,Reysitsonchair,0,0
39575052,runapan,0,0
39575465,TRHKA,0,0
39575612,JoseQ40,0,0
39577512,cesaavedra,0,0
39579134,Kend1,0,0
39579304,Aliendrone5286,0,0
39579434,Leinadlouise,0,0
39579673,Upload777,0,0
39579981,KingBF456,0,0
39581455,PietroH,0,0
39583811,Sashki2221,0,0
39584335,Gerg0394,0,0
39584796,ElBarbas,0,0
39585014,yeq1u,0,0
39585069,Monstercage,0,0
39585446,"1xSaddy",0,0
39585719,Antes,0,0
39586138,Rombokhaleesi,0,0
39587649,fmx,0,0
39588315,Kafely,0,0
39588473,yuumechan,0,0
39589185,Chevroletik,0,0
39589214,kkkcuff,0,0
39590005,ze1rel,0,0
39590173,Surw games,0,0
39591242,NoDwor,0,0
39591440,rafa Sama,0,0
39591946,Glittch14,0,0
39592189,samison39,0,0
39592643,katsysya,0,0
39592688,qiduc,0,0
39593192,Specter45,0,0
39594912,kurousagi117,0,0
39596347,juning_88,0,0
39597770,Juni0rMittens,0,0
39598441,Xyleryl,0,0
39598827,Torino_Aqua,0,0
39599875,pantron,0,0
39600447,Astronoman,0,0
39600838,MAXIMO2222,0,0
39601987,sonir,0,0
39602604,mitsui333,0,0
39603675,lapadolu,0,0
39604798,Dynahunt,0,0
39605726,BUILDERxTURRET,0,0
39605887,Rayden122,0,0
39606195,ASDFASDF2WDSC,0,0
39609955,GranMilon,0,0
39610948,dofroy,0,0
39611417,keracev,0,0
39611973,evil_neuro258,0,0
39612700,Fabixlz,0,0
39612933,Juju233,0,0
39613557,TytyOsu,0,0
39614040,FuegoBoi,0,0
39614138,alexdiva,0,0
39614700,ShortStufff,0,0
39614955,crisdayo,0,0
39616180,Connor12345,0,0
39617118,nonflyordie,0,0
39617496,xsmollbeanzz,0,0
39617919,PGX,0,0
39617926,snzorr,0,0
39618622,Flashydas2,0,0
39618703,LucasXD7455,0,0
39619271,omemeaa,0,0
39619886,meteor2409,0,0
39621038,FENT4NYLLLL,0,0
39621680,oxchild,0,0
39622578,cozytabby,0,0
39623671,Tailorix,0,0
39626030,calmly032,0,0
39626249,aryxya,0,0
39626541,CatLonTwT,0,0
39626583,Eltornado007,0,0
39626597,"77419",0,0
39626949,chu1st,0,0
39627746,sigma1222,0,0
39628362,crypt1,0,0
39628526,einfachmarv1905,0,0
39629750,semicarbazone,0,0
39629846,powerpop9000,0,0
39630013,avissik,0,0
39630918,osuistrash67,0,0
39630967,yukimiwanco,0,0
39631095,StoikaLiente,0,0
39632513,Hugely Boogely,0,0
39633065,bobr1k,0,0
39633150,Phaidei_Lover,0,0
39633518,ezeluck1213,0,0
39633858,darkness24,0,0
39633872,Sanse2,0,0
39634240,paused_,0,0
39634499,ezezinho,0,0
39635206,Shiyft,0,0
39636033,a663315,0,0
39636267,Eric_jopoo,0,0
39636919,RafRafFar,0,0
39637280,ryuryulink,0,0
39637427,yaibuu,0,0
39638560,pikci,0,0
39639239,dmzgit,0,0
39639828,Klzio0,0,0
39640194,Juislopues,0,0
39640266,XIAOYUTTT,0,0
39641506,tuanhung2011,0,0
39642327,koiuysgd2,0,0
39642431,superyc,0,0
39642546,teekayvd,0,0
39643945,sabrinou,0,0
39644100,Muriatic Acid,0,0
39645736,nasmork18,0,0
39646438,Olic,0,0
39647088,I_AmBianksss,0,0
39647306,Cleofast,0,0
39647914,SinisterRedx118,0,0
39648083,stupidddd,0,0
39648290,hajkish,0,0
39649216,hxaweew,0,0
39649228,Lrea,0,0
39649484,jeriko12,0,0
39649821,Jacobisin,0,0
39650015,sambotoi,0,0
39650392,hnwd,0,0
39650534,himmyhen,0,0
39650991,SFUl,0,0
39651369,ramyDEUS,0,0
39651456,kababok,0,0
39651731,litrona,0,0
39651765,ChickTori,0,0
39653229,Yrod22,0,0
39654027,H0lloh,0,0
39654071,namu123,0,0
39654246,milktick,0,0
39654851,wlfv,0,0
39654891,k1ejah,0,0
39654898,ReAa,0,0
39655021,adjw101112,0,0
39655153,putter,0,0
39655210,cementSEDrill,0,0
39655907,IsohelJayy,0,0
39656648,Cleb32,0,0
39657059,Abortiii,0,0
39657220,Satorikomenji,0,0
39659523,cloumish,0,0
39659538,E3mc2,0,0
39661168,Aizen_bens,0,0
39661923,slyffo,0,0
39662262,xpoisonedx,0,0
39663695,bananadaoooou,0,0
39664888,daaksy23,0,0
39665145,Fe1looo,0,0
39665177,Maslanek,0,0
39665274,Napoleon_1803,0,0
39665721,LIGHTYAGAMAI,0,0
39667197,Pron,0,0
39667586,ZimmadBeats,0,0
39669110,twt123,0,0
39669286,isoluser,0,0
39669921,Cygqr,0,0
39670229,mar1huana666,0,0
39670926,Guigas,0,0
39671338,owaier,0,0
39671840,Toothlessfan567,0,0
39672757,Kirbocchi,0,0
39673666,Skyline067,0,0
39674641,"4hm",0,0
39675094,EggsTamago,0,0
39676123,TheDave24,0,0
39676443,awxuww,0,0
39677381,nTrix_x,0,0
39678213,flo8903,0,0
39679651,osinremy,0,0
39680316,kirxtong,0,0
39680645,bbhs0,0,0
39680705,lequy123,0,0
39680706,ayanetakashima,0,0
39682260,happyxy,0,0
39684521,jasiek0356,0,0
39684671,Moexza,0,0
39685343,Faeyomi,0,0
39685352,YOATYANN,0,0
39686390,MairuFrost,0,0
39688999,Rudy___,0,0
39689040,Naimzz,0,0
39689250,AxenelRiBarr,0,0
39690413,kimerae,0,0
39691824,W A T E R,0,0
39693511,hamma,0,0
39693806,Welliary,0,0
39694010,max2316,0,0
39694441,realg4vn,0,0
39694871,noa-ovo,0,0
39695542,DanDamEggy,0,0
39697292,colpakk,0,0
39697666,GoodBoyCS2,0,0
39698353,eslufrador123,0,0
39700086,vegafoxs,0,0
39700253,serene4evr,0,0
39701065,Jpp1268,0,0
39701530,asxranshiki,0,0
39703826,Marettu_Rei,0,0
39703899,Makcik,0,0
39704160,lexx1pp,0,0
39704258,MaokaiSensei,0,0
39704292,Mystery_25,0,0
39705101,ameriika,0,0
39705794,zxcaura,0,0
39706158,Bover72,0,0
39706201,MerxJs,0,0
39707053,juju4,0,0
39707060,ChoKoLeMusicien,0,0
39708975,gabrielvision,0,0
39709888,sasunok0978,0,0
39710008,omarkhan389,0,0
39711381,DezzOxy,0,0
39711547,schlaghund,0,0
39712333,Goodman6767,0,0
39712682,Vexilyn,0,0
39713032,ywokii,0,0
39714238,otb125,0,0
39714343,angelokstreamer,0,0
39715025,Deminorm,0,0
39715779,maksim1213,0,0
39715952,george11119,0,0
39715976,szania_21,0,0
39716323,the zenko,0,0
39718433,Osun0,0,0
39718690,Pan orzzeszek,0,0
39718985,sxlar77,0,0
39719525,zabacek,0,0
39720956,AGR[oNoMMM,0,0
39720979,Juta_fag,0,0
39721362,LexaLepexa,0,0
39722063,kosvelll,0,0
39723553,"511",0,0
39724732,videobolls,0,0
39725170,Rainezcloud,0,0
39726279,svip,0,0
39726629,basilika,0,0
39727241,fl_snow,0,0
39727468,Pirat,0,0
39727797,KVA,0,0
39727839,Patata_Punk2013,0,0
39729395,OofMan,0,0
39729991,IMaPOTATOhead,0,0
39730814,AKIN1,0,0
39731103,CyruzDaViruz,0,0
39731582,lmpxl,0,0
39731906,katiesen,0,0
39732459,goosey0_0,0,0
39732464,gizzyghost,0,0
39733702,esaluvv,0,0
39733763,Happier,0,0
39734627,xhxxkaru,0,0
39734675,eTheConstant,0,0
39734968,Modoplay,0,0
39735421,makcfet,0,0
39736962,Rabiddog,0,0
39736984,xBodyL,0,0
39737743,f3nixj27,0,0
39737826,YereRD32,0,0
39738518,Arlex06g,0,0
39739041,LoveU7243,0,0
39739051,TheReaperTRS,0,0
39739541,yangggx,0,0
39739601,Qah_papa,0,0
39740695,lexabugatti,0,0
39741663,kyroz_8170,0,0
39742298,xillouu,0,0
39742550,_Seven77,0,0
39742849,CruzMF,0,0
39743346,deprixonXD,0,0
39743394,k_I_R_O,0,0
39744754,jasonbiasa,0,0
39744902,rre1ver,0,0
39744933,yujiitdori,0,0
39746789,_Malex,0,0
39747147,Helvyy14,0,0
39747186,Irf4n07,0,0
39747816,Deriiik9,0,0
39749309,Snorp7,0,0
39750009,maya4444,0,0
39750337,Myltsi,0,0
39750750,Caesarisnice,0,0
39751940,juizei,0,0
39752482,nicky1408,0,0
39752785,HeadBro,0,0
39752979,sakyra12,0,0
39753400,Mastle,0,0
39753794,Noicegamer11,0,0
39754200,iw0nder,0,0
39755277,zhijin,0,0
39755589,Aysan,0,0
39756346,Akiii-,0,0
39757875,alotgierek,0,0
39758337,love-10032,0,0
39758766,SnowHeaven555,0,0
39759783,Naf2012,0,0
39760476,frozzennn,0,0
39760916,Skyveil,0,0
39762149,KyleNob,0,0
39764508,Chrollo12555,0,0
39764593,TheProPotato,0,0
39765464,kilo04,0,0
39766334,Sanjayl0-0l,0,0
39766478,MOH_VIO,0,0
39766712,BrightDream,0,0
39768157,RedoQ,0,0
39768671,cislicuslu,0,0
39768835,Arbuzik123,0,0
39769267,estrellitadelu,0,0
39770142,qeysz,0,0
39770270,Puffsticker,0,0
39770389,QuangDuyez,0,0
39770627,jakari258,0,0
39771593,Hasper,0,0
39772043,Umanbeer,0,0
39772071,dynator123891,0,0
39772545,Boingo,0,0
39773393,Kaimussic,0,0
39774723,EmmyliQG,0,0
39776377,Bdoggy1612,0,0
39778348,ENIGMA0102,0,0
39778981,Anakiihn,0,0
39779638,PasifUmit,0,0
39779828,turbowashed,0,0
39779910,Hyperpopped,0,0
39780162,Kipi12red,0,0
39780667,Kaison_15,0,0
39781393,xfeli_zz,0,0
39782193,xtkd,0,0
39783788,Jyro,0,0
39783880,qulicle,0,0
39784209,rooghe,0,0
39784497,reveen11,0,0
39785139,tukahibito,0,0
39785252,Crisss07,0,0
39785353,abutanga676767,0,0
39785423,Hehenotho,0,0
39785606,Lox_xyz123,0,0
39788472,Altrit,0,0
39788597,mjekli,0,0
39789631,FalsifiedFace,0,0
39789911,dvdi,0,0
39790683,"6blunt6lolly6",0,0
39792276,HexieHex,0,0
39792779,Gojo_Satoru67,0,0
39792882,Carinhaa,0,0
39793067,Stxrglow,0,0
39793908,Deme21,0,0
39794558,ong tbez,0,0
39796942,sQreen11,0,0
39797178,vlxdox,0,0
39798165,unpippi,0,0
39799049,Bigback55,0,0
39799444,mconte,0,0
39799727,vpjr,0,0
39799849,Poupon15,0,0
39800738,im a goose,0,0
39801137,Bqmbik123,0,0
39802129,AL_MasterD,0,0
39802174,Vic123t,0,0
39803847,imomus2,0,0
39804433,temak31222,0,0
39806027,YO_iusz,0,0
39806334,swiftt,0,0
39806664,SoLoDrAgOn,0,0
39806794,yorshi,0,0
39806840,najed,0,0
39807431,Schoinig,0,0
39810190,CasuslGamer,0,0
39810217,JUDAHTUFFBOY,0,0
39810369,Litryl,0,0
39810410,mollysandy4ka,0,0
39810510,stepapushh,0,0
39810629,netr1sh,0,0
39811335,tay111ler,0,0
39812302,Delta_T64,0,0
39812551,eteiiii,0,0
39812576,tomicsgo,0,0
39812606,DARK7s2,0,0
39813447,bzinbzar,0,0
39813702,Kalunga,0,0
39813982,horpy,0,0
39820031,konto_szkolne,0,0
39820271,OrangeMatkejang,0,0
39820714,Babka_ks,0,0
39821733,Deforestator,0,0
39822510,LuBla,0,0
39823345,Charlie20,0,0
39824228,lettalovesu,0,0
39825542,funika,0,0
39825628,Alexaander,0,0
39825659,praynik,0,0
39826052,Demokiler,0,0
39827593,bumf0,0,0
39828303,one7woseven,0,0
39830045,LA FLAMEE,0,0
39830056,divined,0,0
39830090,Mattia95,0,0
39830311,brutal_death448,0,0
39830926,Reinventer_08,0,0
39831699,Hikigaya444,0,0
39832258,setwun,0,0
39832659,gabby12,0,0
39833237,Zurnadurum,0,0
39833321,simpleton777,0,0
39835227,catboy228,0,0
39835467,mendzz,0,0
39835553,kitkat120,0,0
39836398,oje_16,0,0
39838642,Ligmawow,0,0
39838711,pemio,0,0
39838783,HiJerryDude,0,0
39839135,kdg_11,0,0
39839722,icecream-suki,0,0
39839814,Astral62,0,0
39839953,mzcarius,0,0
39840084,Kai611,0,0
39840205,chanmeow,0,0
39840421,WAKA TAISHI,0,0
39842548,Trakas_69,0,0
39842811,Niryx,0,0
39845044,jaywin24,0,0
39846062,xxneko,0,0
39847030,hgtytyty,0,0
39848282,Fenomen_303,0,0
39849686,TheShlonker,0,0
39850215,Hunzrix,0,0
39850249,onichan_UwU,0,0
39850322,ybnsayz,0,0
39850732,baotoan0405,0,0
39850810,Onyx_c4t,0,0
39853017,MAXENCE_99,0,0
39853276,Togoium,0,0
39855036,watchthis,0,0
39858341,angxlarii,0,0
39858474,Rooibos,0,0
39858514,SantyXO,0,0
39858740,Flame2012,0,0
39858954,travka88aw,0,0
39859455,PR13MATIC50134,0,0
39859486,zozxs_16,0,0
39860548,maricuzaa,0,0
39860904,nrdjung,0,0
39861221,HELSING_Jr,0,0
39861405,itzspelly,0,0
39862520,ssss1234,0,0
39863115,kanapos123,0,0
39864792,JESTER333,0,0
39865107,fallanee,0,0
39866395,killerethan,0,0
39866445,lopkmo,0,0
39866606,venators cigar,0,0
39867471,verinn,0,0
39867519,stepka122,0,0
39867769,d3moni2b0r3d,0,0
39867892,ItsukiLarp,0,0
39868092,Anop,0,0
39868197,gogi2010,0,0
39870737,Huyard,0,0
39870750,P3tis4-supr3m4,0,0
39871085,pri_gigi,0,0
39871448,Emmap,0,0
39871782,Sumimasen,0,0
39876679,CanCan,0,0
39876965,luksen25,0,0
39877709,Moulden,0,0
39879323,natanata,0,0
39879530,danila234,0,0
39881886,xaumk,0,0
39881906,dumbgdplayer,0,0
39882054,fluhair,0,0
39882540,Imhiish,0,0
39883596,Glitch13,0,0
39884027,Bionic,0,0
39884135,kos_kokos,0,0
39885009,nakagami1216,0,0
39886881,taengo,0,0
39887744,Killlahhhkae,0,0
39888078,Mrlag8012,0,0
39888240,star9026,0,0
39888325,The courier777,0,0
39888360,ymatusa,0,0
39889477,ANIMEEEE,0,0
39889592,ewbvyewgvyew,0,0
39890071,P89art1,0,0
39890219,Daremontik,0,0
39890721,DFDGFYGJGJ,0,0
39891616,wayti,0,0
39892924,Karumo,0,0
39893037,AvgMDfan,0,0
39893348,Spinin,0,0
39893355,patrizer,0,0
39894906,belamoon,0,0
39895238,Carmelized,0,0
39895645,GliterNova,0,0
39895881,Zislett,0,0
39896124,ilovchevalgrand,0,0
39896177,dz7april,0,0
39896231,Furry Ralsei,0,0
39896552,Warframe,0,0
39897718,ssoff,0,0
39897898,marron,0,0
39898376,soji0ff,0,0
39899105,evangr0,0,0
39899778,luacasym3,0,0
39899847,deivid2088,0,0
39901362,muhjk,0,0
39901421,bobooooooo,0,0
39901620,Andrik,0,0
39903181,jiseop1002,0,0
39903594,Abbelito_0,0,0
39904814,Misha7577,0,0
39905184,d3p4rtur3,0,0
39905243,edn12121,0,0
39905977,mlody filgarz,0,0
39906303,lilnitemare778,0,0
39907316,SyahDuda,0,0
39908099,Corneliosu,0,0
39909019,YuukiKyNang,0,0
39909385,BendyBas1104,0,0
39909969,Desmode_21,0,0
39910237,fdawd,0,0
39910435,Ducato,0,0
39911816,apapapapa,0,0
39911920,Elitej15,0,0
39912012,shamppp,0,0
39915642,LnwpuPosu999,0,0
39916078,BOPOBCTBO,0,0
39916418,"715HUTAO",0,0
39917992,YokaiNyan,0,0
39918313,KiceZacK,0,0
39918755,RudroIV,0,0
39919507,IRONnexo,0,0
39919723,freeshot5,0,0
39919931,HaviRex,0,0
39920181,haruylou,0,0
39920206,megaszd,0,0
39921715,luanzinhowo,0,0
39921782,T0 Noah,0,0
39922629,Sazaname,0,0
39922971,"3livs",0,0
39924252,"963ry0",0,0
39924862,bwreat,0,0
39925378,TapirZz,0,0
39926001,Skrall,0,0
39927559,idkrhyse,0,0
39927823,mokumo0141,0,0
39929168,gothstarr,0,0
39931560,vaki22,0,0
39933362,Pukpo,0,0
39933508,maroxxio,0,0
39933757,janieponimaju,0,0
39933925,mzz7432,0,0
39934230,msk1,0,0
39934818,Rip_Ten123,0,0
39936222,Frjnqe,0,0
39936485,hypaxter,0,0
39936612,lhk,0,0
39937068,zero__null,0,0
39938049,GDwarden28,0,0
39938132,Otmichka22,0,0
39938327,jyx02,0,0
39938965,Mikoruki,0,0
39940136,DoubleMute,0,0
39940173,pedidi018,0,0
39940323,aleq6p,0,0
39941044,levisen,0,0
39942497,xaupunchin,0,0
39942825,beshenii,0,0
39944369,NotDush,0,0
39944423,gimbo,0,0
39945169,straksks,0,0
39945418,hikarulvr,0,0
39945619,emiecho,0,0
39946547,ErzaProxy,0,0
39947548,Krouzdee,0,0
39947770,lessfriction,0,0
39947853,Lunostral,0,0
39948578,SH0V3L,0,0
39948925,Eclipse4339,0,0
39949723,liberty4982,0,0
39950187,waffle27,0,0
39951890,PersonMcPerson,0,0
39952331,mlgsnowyowl,0,0
39953690,predoph,0,0
39953721,rufo67,0,0
39954643,yuxyukiru,0,0
39954896,ryosu,0,0
39955114,kanata0608,0,0
39956204,XS3ns3,0,0
39956712,Angelroho,0,0
39956816,artem18,0,0
39957295,Aplit,0,0
39958387,Eliluvsss,0,0
39958413,zero136xz,0,0
39958417,Kerbayn,0,0
39958746,"3m1nence",0,0
39959169,sadboys_,0,0
39959441,papatorment,0,0
39960121,dazaicon,0,0
39960540,cell_awa,0,0
39961348,D0vy,0,0
39963543,Mxxtin,0,0
39963961,nvivadsijoccaij,0,0
39964480,glomi,0,0
39964897,Newich993,0,0
39965017,Bobik1133112,0,0
39965386,yeuc,0,0
39965556,mekellyca,0,0
39966201,iplayroblox,0,0
39966285,Euphoriiia,0,0
39967322,brotherkappa,0,0
39967408,crackyNick,0,0
39967886,Riod,0,0
39968848,Ikki_Iggi,0,0
39970314,ayo lari,0,0
39970679,tlgplayzz,0,0
39971043,ASeepWells,0,0
39971439,floppyearedbun,0,0
39971468,maomaorin,0,0
39971862,Z3R-050,0,0
39971967,Kizuren,0,0
39972197,exanimis_s,0,0
39972347,Trayvon666,0,0
39972509,svinotkin,0,0
39972583,Kotuysha,0,0
39973082,odkafoi,0,0
39973308,javyneytor,0,0
39973315,jalelia,0,0
39974674,jimmorrison1979,0,0
39975173,Ore_Xis,0,0
39976350,Sebsz kies,0,0
39977656,DASW2012,0,0
39977780,xixii,0,0
39979457,YouLing11,0,0
39979800,Druwuggi,0,0
39980111,calcium_clicker,0,0
39980590,Kroser,0,0
39982201,lilghost,0,0
39984614,W0RDEX,0,0
39984810,mizusky,0,0
39988114,limonsito767,0,0
39989550,Pinky_pai23,0,0
39990032,pluphie,0,0
39990317,Arach_min,0,0
39990845,chiter903,0,0
39990871,yuunaaee,0,0
39991551,Kyyz_036,0,0
39991601,ashleyyx,0,0
39991614,Cloud2433,0,0
39992196,kyarekoo,0,0
39992355,Kasaneteto2007,0,0
39993211,zooka88,0,0
39994237,W1S3M4NK1LL3R,0,0
39994700,ranfy021,0,0
39995075,senpaikitt,0,0
39995491,Yishaiisdum,0,0
39998191,pewz,0,0
39998420,alexx356,0,0
40000845,wystdfw,0,0
40001795,NonZane2007,0,0
40002105,thailand_2554,0,0
40002652,Voidstaaar,0,0
40004644,lainer0,0,0
40005136,martinya,0,0
40006238,chuckelnuts67,0,0
40007682,dn dan,0,0
40009207,TONY30910,0,0
40009909,borednfoundts,0,0
40010103,zxcgyl1323231,0,0
40010690,TVSkk,0,0
40011410,DavidHGs,0,0
40012043,flamex55,0,0
40012420,mirtil020,0,0
40012937,ulitka_24,0,0
40014712,Barbrie,0,0
40016115,danieltj,0,0
40016413,Clao1708,0,0
40016720,sardiii,0,0
40017314,Mossbrg,0,0
40019009,CedlikesWomen,0,0
40020014,"0la_naa",0,0
40021465,om1nos,0,0
40022025,jc123,0,0
40022406,dojhsdph,0,0
40023988,lockindef,0,0
40024418,kevin08,0,0
40024420,cheri_stxrs,0,0
40024472,Photonbruhbruh,0,0
40024822,Maximovilches,0,0
40025203,BABYNOOKS,0,0
40026711,kr3krawr,0,0
40027466,mewi35,0,0
40028247,niwloS,0,0
40028539,valencapp,0,0
40029173,krabasarabas,0,0
40029377,ArbuzXpopa,0,0
40030461,OscarProGD,0,0
40031362,ngnga,0,0
40032275,Flam1ngooooo,0,0
40033084,douradinho2244,0,0
40033398,bubuchachaa,0,0
40033674,kansas,0,0
40036307,bazzj,0,0
40036577,gentoonix,0,0
40037874,zenshinko,0,0
40038624,minjaemama,0,0
40039394,ANSO,0,0
40039943,gabriette1111,0,0
40040152,tTeal,0,0
40040632,ericmont,0,0
40041180,water mint,0,0
40041928,pXpLL,0,0
40042177,myzz,0,0
40042926,addi_111,0,0
40042974,PevinPurant,0,0
40043456,Gytisagi,0,0
40043589,YOGIC,0,0
40045733,chepuh333,0,0
40045880,Erikcioso16,0,0
40046307,Crub,0,0
40046383,marianitauwu,0,0
40046600,Corbaci,0,0
40046798,Elrom_,0,0
40046896,juninho14s,0,0
40047162,blueSharkils,0,0
40047443,yondia,0,0
40048826,lewisssssss,0,0
40049395,Fatenightl,0,0
40050030,xNighTx4,0,0
40051154,mafukami,0,0
40051725,jolliestsp6,0,0
40052211,shyvoy,0,0
40053178,monkeytimer,0,0
40053497,madzziss,0,0
40053737,Shonik,0,0
40053803,danketa,0,0
40054113,realmid,0,0
40054330,aylinthequeen,0,0
40054499,terreneitor0o0o,0,0
40055631,CeoOfPimpin,0,0
40055845,FADED_MEEKO,0,0
40056285,wfloww,0,0
40056623,Mpi,0,0
40056634,ap1iiia,0,0
40058829,Superbiaaaaaa,0,0
40060322,jax2formy,0,0
40060338,Fender501,0,0
40062408,tyanka228_67,0,0
40063129,kevinskie125,0,0
40064237,Kentyqy,0,0
40065795,DoboCactus,0,0
40066165,boogdan,0,0
40066484,Master Beater,0,0
40066816,NoSoyLaCata_07,0,0
40066886,duckinhatman,0,0
40068171,pennyguarantee,0,0
40068385,Nel1ie,0,0
40068882,R_WAY,0,0
40068926,dougiedog,0,0
40068965,madz96,0,0
40069029,anf,0,0
40069542,TheAxPiece,0,0
40070052,wpals0262,0,0
40071257,AreteVirtus,0,0
40071492,Snoze,0,0
40071887,usser123,0,0
40073295,swyzee,0,0
40073590,SakuraOftonskiy,0,0
40073931,Metalcicle,0,0
40074009,bmxbeck9,0,0
40074034,SMACKY_101,0,0
40074865,AyaNoMurasVEX,0,0
40075097,slvteater333,0,0
40075111,funnelcakee,0,0
40076478,soniaka,0,0
40078091,inckassator,0,0
40079268,EXXTRAORDINARY,0,0
40080642,Zape_1,0,0
40080805,acnesocial,0,0
40080813,yurios1tsky,0,0
40081919,onymaru,0,0
40081950,Hanouten,0,0
40082113,pablitoo,0,0
40082279,NinoOSU,0,0
40084459,martincfcf,0,0
40085864,razeSoldier,0,0
40086044,SleepyOmee,0,0
40086483,Gelato boy,0,0
40088115,kfy,0,0
40088251,heavenly_king2,0,0
40088604,GrayvenCz,0,0
40089442,Lola_Nemu,0,0
40089468,Red64,0,0
40090372,Rollez-Z,0,0
40090830,SouviBouvi,0,0
40091552,oneq291,0,0
40091994,strangefellow,0,0
40092351,Bleehlvs pudim,0,0
40093534,TonyJC,0,0
40093702,SandwichH,0,0
40095797,PATRIARKH,0,0
40096602,moll12,0,0
40097267,aggelos_MHl,0,0
40097960,cacaboi414,0,0
40098178,SaturnsRinger,0,0
40099426,Satou_pun,0,0
40099487,neFREE8814,0,0
40101051,jordy503454,0,0
40101805,Raichueon,0,0
40103031,JHforu,0,0
40103553,thxtg103,0,0
40104377,Mathieu_,0,0
40106817,"1Infinity",0,0
40107259,Bekesus,0,0
40107668,Aski_asu,0,0
40107707,raffinha_fofa,0,0
40107753,Bigyback,0,0
40108187,Chokokrispis,0,0
40110886,xp3zy,0,0
40110917,Varkyros,0,0
40111394,sanhuo,0,0
40111575,mao-mao666,0,0
40111802,zqwxry1234,0,0
40112712,Shifusss,0,0
40113644,XDeadUndertaker,0,0
40113784,Aguzzk,0,0
40114975,Crumbl_cookies_,0,0
40115986,mambobasurith,0,0
40116004,AventurineBlue,0,0
40117426,Hoang Baro Sun,0,0
40117707,sigma222,0,0
40117954,FumbleManiaa,0,0
40119098,ar4issol,0,0
40120084,replergem,0,0
40121660,Poyo0way,0,0
40121695,Claiwa,0,0
40122051,Axlzaiden2,0,0
40122105,kkeerann,0,0
40122696,impac,0,0
40122900,paradoxwtf,0,0
40125013,zeyno_gmn,0,0
40125503,tothenew,0,0
40126461,apostroF,0,0
40127107,Codlree,0,0
40127213,Seruy_gys,0,0
40127876,wa1tas,0,0
40127883,DJanskill,0,0
40128214,bafaWOW,0,0
40129264,l14m_0911,0,0
40129303,domitrunyun,0,0
40129362,goka1234,0,0
40129735,JPNASTY,0,0
40132024,Rurisak,0,0
40133591,Dioporchenxx,0,0
40133909,jimbabwae,0,0
40134364,"3speon",0,0
40135640,xXxuan,0,0
40135694,piruline,0,0
40136898,bixit37,0,0
40137460,FriskWander,0,0
40138541,teksi85,0,0
40139075,ItsLiaXo,0,0
40140257,Sjlvr,0,0
40140577,braya,0,0
40141560,tatoo27,0,0
40141636,JamesOSUUU,0,0
40142633,Merfy34,0,0
40143164,Adenuy,0,0
40143400,funkopop11,0,0
40143459,KitchenApparat,0,0
40143758,nosch,0,0
40144638,kkewpie,0,0
40144746,bonwam,0,0
40145266,narkufza,0,0
40145367,mallovesu,0,0
40146944,atrafficcone,0,0
40147879,napoleon12,0,0
40149041,Dryrambler,0,0
40150221,"4xBit",0,0
40150442,morgueana,0,0
40150908,lazzagna,0,0
40151253,wailcurry,0,0
40152097,Snukie,0,0
40152185,kongiro,0,0
40152402,Mango488,0,0
40153506,Froado,0,0
40153562,kzng0,0,0
40153761,strangerqp,0,0
40154212,osukanji,0,0
40154232,ventyyx,0,0
40155951,Le fairs,0,0
40156449,Santi1012,0,0
40156785,Bambochito,0,0
40157050,hyryze,0,0
40158271,VRDE,0,0
40160027,JorgeV_,0,0
40160251,MarcusWing,0,0
40160569,FuRRyUOB2012,0,0
40160680,monaSW,0,0
40162941,RiOT-Eri,0,0
40163845,StariyDedGamer,0,0
40165650,Pyrr,0,0
40166837,wSofkz,0,0
40167320,CANDYMAN67,0,0
40167510,nebukalon,0,0
40167635,gkjtnee,0,0
40167765,kasszz,0,0
40169863,KairoV7,0,0
40170361,Noxxy_Nox,0,0
40170535,Refmill,0,0
40170647,TeRuyd,0,0
40172391,Pearto11,0,0
40172866,GhQy,0,0
40172962,sirknockback,0,0
40173229,Ben2893,0,0
40173890,BFng,0,0
40175212,M31v1n,0,0
40175806,goruk,0,0
40176031,batmanhakman,0,0
40176594,Hxrnii,0,0
40177279,Lisby Jimmy,0,0
40177576,DomNaXolme,0,0
40177654,KitaSaid,0,0
40177905,"4ufeelings",0,0
40178015,frostythetabby,0,0
40178163,azazelu12,0,0
40178923,Jacucu,0,0
40178959,GreatLordZorax,0,0
40179196,Majavasii,0,0
40179348,ozzn,0,0
40179375,Rodhad97,0,0
40179507,huyozzu,0,0
40180544,kemal_krutoi,0,0
40180776,korenpov,0,0
40181160,carapoia,0,0
40182141,duskks,0,0
40182339,AessaW,0,0
40182617,frankixs,0,0
40182738,shoobaloob,0,0
40182785,elin3ar,0,0
40182837,diIdo228,0,0
40183094,hugodd,0,0
40184233,LingJiu,0,0
40184445,RIP TUFFMANGOS,0,0
40184881,nelmh,0,0
40185260,ImEto_Q0_0,0,0
40185791,panmodoki,0,0
40185952,omer_10,0,0
40186103,Duang,0,0
40186151,xKayzl,0,0
40186283,peporin,0,0
40186509,JB74W,0,0
40188023,EoBruno,0,0
40188319,Egor777228,0,0
40188462,trinket11,0,0
40188522,brko,0,0
40188621,Bigbells,0,0
40188647,Kamakazii,0,0
40188687,emumumu,0,0
40189013,PhanThinh72,0,0
40190408,arjuna,0,0
40190737,memu,0,0
40191248,Lotic,0,0
40191867,jaoks,0,0
40192054,playtric0725,0,0
40192110,Lagunarottmnt,0,0
40192160,ar3d_panda,0,0
40192463,chrollos,0,0
40193965,kontraatake,0,0
40194665,Novaaaaaaaa,0,0
40195179,salvs20213,0,0
40195225,big d j,0,0
40196474,kaos027,0,0
40197331,MiaUh1,0,0
40197684,NapsTuki,0,0
40197726,shmelik731,0,0
40197878,Vitombass,0,0
40198319,Polvs,0,0
40198868,Lex_qasim,0,0
40199590,zummm,0,0
40200313,crimson86,0,0
40200527,alejofs,0,0
40201560,Sprout,0,0
40202539,Asmodeus182,0,0
40202651,notwibu11,0,0
40202782,LilModol,0,0
40203407,Antsa02,0,0
40203811,pakitoto,0,0
40203836,OHEM,0,0
40204003,Sabimaru,0,0
40204017,DELIMARO,0,0
40204096,nzuna,0,0
40204331,Furioo,0,0
40204887,ysno6k,0,0
40204960,Aykkzzz,0,0
40206091,Tarnyzhed,0,0
40207338,katsuiie,0,0
40208241,lilii,0,0
40208560,septral,0,0
40208717,Hidrekk,0,0
40209556,AmalRu,0,0
40211710,GeekGirlsLife,0,0
40211773,dln3ow,0,0
40212469,KEIYIING,0,0
40212586,Sparda_Vergil,0,0
40212633,BoracicEgg,0,0
40213647,meierdaik,0,0
40214521,bramski,0,0
40215051,poisonedbee,0,0
40215202,dripside,0,0
40215398,LemonDeer,0,0
40215551,tumaini,0,0
40217229,Thefakestig,0,0
40217326,oboxpriv3,0,0
40217852,jiuuuuu,0,0
40218231,marishapisa,0,0
40218275,shirkxa,0,0
40218662,BRBRPATAPIM67,0,0
40219211,kalyCZE,0,0
40219566,gergs,0,0
40219644,miluxuss,0,0
40219950,sirumika,0,0
40220151,UnwaweringLove,0,0
40220309,Zorn14,0,0
40220486,Kimitama69,0,0
40220764,jannjannjann,0,0
40220825,klarksleksa,0,0
40221103,AngelMarti_12,0,0
40221238,shin731254,0,0
40221273,haku4z,0,0
40221809,luvrene,0,0
40222088,rykar15,0,0
40222222,N4ch0,0,0
40223222,Ethereal517,0,0
40223445,Ayr11,0,0
40225315,Mx231524,0,0
40225839,KIlaal,0,0
40226625,RIKA lord,0,0
40227932,DebiGaby,0,0
40228467,KingOfNobody,0,0
40228733,PumpkinPop,0,0
40228755,ll_rowNow,0,0
40229537,j3sus_113,0,0
40230396,pepps,0,0
40230689,Ryktz,0,0
40230866,YesWhyNo,0,0
40230966,adetsu,0,0
40232747,immanetop,0,0
40233105,inky_,0,0
40233520,chewwwy121,0,0
40234381,DavVid__,0,0
40234417,orangejuiceee33,0,0
40234426,ozi_bozi,0,0
40236223,VashVT,0,0
40236684,Kabann228,0,0
40237468,imArtyom,0,0
40238464,lamnoor,0,0
40238644,jcherrerax,0,0
40238852,VeryVerySlow,0,0
40239636,susiqi,0,0
40240728,AntarkFos,0,0
40241090,violeh,0,0
40241221,cbrgoon,0,0
40242675,jennjsvhs,0,0
40242871,Melone299,0,0
40243306,nicosxp,0,0
40243608,fattestlarp,0,0
40243650,ChrissyIsBack,0,0
40245324,killer_savier,0,0
40245556,"4lix",0,0
40245969,NChuong206,0,0
40246267,pwwxit,0,0
40246460,glebiysmorf,0,0
40246594,stysik,0,0
40246849,desis,0,0
40247534,parom,0,0
40248341,quzi,0,0
40248485,Sulli_van,0,0
40248580,natnat,0,0
40248933,jhppy,0,0
40249350,xoeily,0,0
40250356,louiscv24,0,0
40250537,cho1135,0,0
40251042,Mikel meri,0,0
40251467,neebeeer24,0,0
40251585,trichili,0,0
40252136,dmtt_,0,0
40252389,Kytof,0,0
40253384,Mohamed12377s,0,0
40253938,RedJas7,0,0
40254250,Snnorlaax,0,0
40254557,luckiestleaf,0,0
40254658,Sebr1x,0,0
40255564,skibidi bro,0,0
40255586,amatsuhe,0,0
40255745,Rip_Nuggie,0,0
40256307,pphhrrxx,0,0
40256652,TiZwazo,0,0
40257387,Giyu Tomioka,0,0
40258032,Falthor,0,0
40258161,bnnypls,0,0
40258163,LuffyKnight83,0,0
40258178,napz,0,0
40258444,Ch1llzor,0,0
40259042,sigla,0,0
40259112,Sparkyyyyy,0,0
40259551,Jmeynez,0,0
40259574,subbyject,0,0
40259922,ohaedaatebae,0,0
40259975,dEKOtp,0,0
40260355,larper_2004,0,0
40260414,paloo,0,0
40260996,Zentesi,0,0
40262377,SmashyOan,0,0
40262939,RegretKK,0,0
40263168,raytard,0,0
40266038,imhim12354,0,0
40266440,_o0k,0,0
40267796,WHTE99,0,0
40267982,hellomynameisN,0,0
40269813,hkxd123,0,0
40270787,Ktchii,0,0
40272129,Egorgusz,0,0
40272306,PIKO8832,0,0
40273481,IeatGuns,0,0
40273578,fessco,0,0
40273711,Zero_xy,0,0
40274037,izike,0,0
40274752,FunnyNuke,0,0
40275280,sleep cat,0,0
40275659,Mibomba67,0,0
40275817,papichulo,0,0
40276161,GeneralFinnly,0,0
40276653,funny127,0,0
40277421,Dfoxgames,0,0
40278388,Deadly_Kitty,0,0
40279083,Pixeler,0,0
40279205,qovnic,0,0
40279491,m0lly_or_not,0,0
40279601,verokninw,0,0
40279784,Matoac,0,0
40281452,denchik_sanchik,0,0
40281480,chapaofan,0,0
40281879,aka_xxx,0,0
40282033,kaedeeee,0,0
40282392,asdf1234asdf,0,0
40282915,bu ung ei ba we,0,0
40282942,Frailok,0,0
40284159,sansplaysOSU,0,0
40285792,Taiyler,0,0
40285906,Souvxll,0,0
40287160,Satancule,0,0
40287190,your a neegy,0,0
40288293,ggule_tteok,0,0
40288379,keosg,0,0
40288945,ma1sonN,0,0
40289102,darkmoonRT,0,0
40289306,"3w3ei",0,0
40289491,hahhahahahal,0,0
40289724,pincojuju,0,0
40290731,liter,0,0
40291554,poimimi_xoxo,0,0
40292054,COMFORT468,0,0
40292448,CuppawotahOSU,0,0
40294252,Enzo Kley,0,0
40295503,JoseAngel15,0,0
40296471,"3TSV",0,0
40297135,qfsul,0,0
40298016,XDatrix,0,0
40298688,psix0z,0,0
40298812,Tysondinh0612,0,0
40300420,REebook52,0,0
40300456,riverdude007,0,0
40300705,beast1,0,0
40301514,cconcpetcarrots,0,0
40303179,yuriko12345,0,0
40303680,rilidouu,0,0
40304568,Lurkzull,0,0
40305197,LeafyTrail,0,0
40305238,lovern_1,0,0
40306528,Z0LTAWN,0,0
40306597,keiiluvspengus,0,0
40307272,voodoobanana,0,0
40308400,Mister_weird,0,0
40308463,Tymxff,0,0
40308758,bYcoRE1dEx,0,0
40309230,stxrg,0,0
40309250,solar55,0,0
40309470,"1zn",0,0
40309524,saezz,0,0
40309539,Louchan,0,0
40309635,gakitubute,0,0
40309883,JustTuffIgOrSMT,0,0
40310753,Luixxe,0,0
40310770,Tacoisgood,0,0
40311343,CoolPlayerCole,0,0
40312954,mxworlds,0,0
40313653,kimwindaaa,0,0
40314396,Evrei161,0,0
40314659,spiziky65,0,0
40314935,sumena,0,0
40315953,vardonotagay,0,0
40316949,racingpetty,0,0
40319036,Guesstheriddle,0,0
40319069,"7aminafternoon",0,0
40319070,Kjhin,0,0
40320766,Jacky_osu,0,0
40321297,Qtman,0,0
40322027,RollingFox,0,0
40325388,Zanie,0,0
40325977,buttfiddler,0,0
40326138,petchh,0,0
40327330,Ilovecatboys777,0,0
40328246,AVeryDarkStar,0,0
40328394,emperor2124,0,0
40328462,Vexert,0,0
40328712,Tricostar,0,0
40330469,Autissmus,0,0
40330807,riptide21,0,0
40330825,baor,0,0
40331853,Prankcaller,0,0
40332021,kodzun,0,0
40332114,ilo,0,0
40333766,ItsJRak,0,0
40334651,Yuka_aa,0,0
40335066,Eiserne76,0,0
40335358,jimmynzn,0,0
40335796,gks13312,0,0
40335824,Burmalda22867,0,0
40335898,stelt,0,0
40336377,Vexzys,0,0
40336930,aspiravi,0,0
40337008,Dunka_prooo,0,0
40338592,mr_boblet,0,0
40338735,istoby,0,0
40339053,varug,0,0
40339648,MoxnatiyXyi,0,0
40340297,MilkIsGoood,0,0
40340515,monum3nt4l,0,0
40340573,rumoru,0,0
40341258,misa_amane1,0,0
40341634,Syaron_n,0,0
40342573,Ribexland,0,0
40342581,Suyenisms,0,0
40342885,LuMiX888,0,0
40343907,marloww23,0,0
40344340,ManLikeBruno,0,0
40344471,chr0nic,0,0
40344629,JustinHale,0,0
40345227,z1ut3k,0,0
40346212,milanacastella,0,0
40346280,Your_Shio,0,0
40346388,moemoe02983,0,0
40346646,olapo,0,0
40346747,Oxtrot,0,0
40346970,Ntssss,0,0
40346988,S3rendipitY,0,0
40347599,sonqr,0,0
40347748,APAP999,0,0
40347940,kapodmc,0,0
40348241,w1nnieLee,0,0
40348365,uowuowowowoau,0,0
40348380,Janne var,0,0
40349642,Xiaqq3,0,0
40349757,snowkoda,0,0
40350996,B1Tokk,0,0
40351676,kyoskeyo,0,0
40353230,milokwai,0,0
40353547,Diblo,0,0
40353564,"10Nous",0,0
40353797,Ry0shu,0,0
40353991,B_Berbon,0,0
40354568,ugdyr,0,0
40354687,Splite_xtp,0,0
40355325,jim been,0,0
40356671,balon1126,0,0
40357060,frostlvb,0,0
40357645,stalanda,0,0
40358244,Baddadjokes15,0,0
40358898,kimjamie,0,0
40360027,zilten01,0,0
40360719,skw1nq,0,0
40361518,Drimosu,0,0
40362214,mpure,0,0
40363229,YuHo123,0,0
40363958,_3QU1NOX,0,0
40364279,Tesaczek,0,0
40365937,atomicblitz99,0,0
40367519,joonswoon,0,0
40368292,Chrotzi,0,0
40368917,Jynxii22,0,0
40369495,love anime i td,0,0
40370783,"19wkl",0,0
40371211,IDKDEE,0,0
40371219,Mintivia,0,0
40373633,_luminachie,0,0
40373719,ICEBEAR0921,0,0
40374054,RukawaBallin,0,0
40375228,beebadooba,0,0
40375337,Boogie2021,0,0
40375988,stevx,0,0
40376120,xavi_1,0,0
40378240,sloyka,0,0
40378595,DAVIDR,0,0
40378714,drunkphilospher,0,0
40379215,lenaveaa,0,0
40379481,celaleddin,0,0
40379739,omared,0,0
40379840,Logout322,0,0
40380254,Lovelyttii,0,0
40380562,maffs,0,0
40381388,sytorm,0,0
40381655,Zathel,0,0
40385343,svphvii,0,0
40385441,yakouseihaizu12,0,0
40385473,chivell,0,0
40387392,velocityyyyy111,0,0
40388666,MorningSoda,0,0
40389256,reesesTheCap0,0,0
40390156,tahroxr,0,0
40390453,funeralgoat,0,0
40393105,kuruprogidy,0,0
40393211,Imabwtpie,0,0
40394581,tuffboy123,0,0
40395510,gn01234286904,0,0
40396270,jejesalu2miau,0,0
40396992,WWAVES,0,0
40397757,VANNAK136,0,0
40398504,C0nrix,0,0
40398940,Whoss_yuss,0,0
40399204,Aoba Kuriyama,0,0
40400013,Tezr,0,0
40400205,Goncho1,0,0
40400755,Vuronino,0,0
40401271,lleoon,0,0
40401600,voktagee,0,0
40401791,yetkro,0,0
40402428,Satork,0,0
40403422,ha-RUN-,0,0
40404823,musacra,0,0
40406240,TIGER69123,0,0
40407393,slavapro34,0,0
